,CAPRI_quality,PIsToN_score,PPI
0,1,-1.8790696,3CHW-model-1-pos_A_Z
1,4,0.8572569,1YOX-model-70-neg_A_Z
2,1,-1.0944748,1JK9-model-1-pos_A_Z
3,4,0.076613545,1TZS-model-20-neg_A_Z
4,4,1.6932764999999999,2QBX-model-98-neg_A_Z
5,3,-1.7687203999999999,2ZNV-model-18-pos_A_Z
6,2,-1.7803483,2PO2-model-3-pos_A_Z
7,2,-1.7557126,2FTL-model-34-pos_A_Z
8,3,0.9085724000000001,1X1X-model-8-pos_A_Z
9,4,1.8681904999999999,2ZDC-model-5-neg_A_Z
10,1,-1.6674398000000001,1Y1O-model-1-pos_A_Z
11,3,1.4413666,1PPE-model-9-pos_A_Z
12,4,1.9000778999999999,2HVY-model-38-neg_A_Z
13,2,1.010772,1KL8-model-24-pos_A_Z
14,3,-0.029131413,1Y3B-model-57-pos_A_Z
15,4,1.8793273999999998,4APF-model-51-neg_A_Z
16,1,-1.121891,3GMW-model-1-pos_A_Z
17,4,1.7649673,2R5O-model-12-neg_A_Z
18,2,-1.1465771999999999,4TQ0-model-4-pos_A_Z
19,4,1.9507700000000001,2HTB-model-25-neg_A_Z
20,4,1.9357808,3OKJ-model-6-neg_A_Z
21,4,1.8158249,1VZY-model-55-neg_A_Z
22,4,1.2534504,1PGL-model-36-neg_A_Z
23,1,-1.8513877,2BE1-model-1-pos_A_Z
24,4,1.7490919999999999,3L2H-model-56-neg_A_Z
25,4,1.9211084999999999,3HN6-model-40-neg_A_Z
26,3,1.7559871999999999,4RS1-model-50-pos_A_Z
27,2,-1.4888353,3QHY-model-2-pos_A_Z
28,3,-1.864543,1JXQ-model-2-pos_A_Z
29,3,1.7921464,3FSN-model-93-pos_A_Z
30,1,-1.7530391,2GQS-model-1-pos_A_Z
31,1,-0.6540562,2HWJ-model-4-pos_A_Z
32,4,1.9196932,5B76-model-59-neg_A_Z
33,3,0.7792281999999999,1K88-model-4-pos_A_Z
34,1,0.037528515,3QWN-model-1-pos_A_Z
35,4,1.8895322,2GKW-model-58-neg_A_Z
36,3,0.28469098,2X9A-model-45-pos_A_Z
37,4,1.8526718999999998,3E1Z-model-100-neg_A_Z
38,4,1.9520220000000001,3U02-model-70-neg_A_Z
39,3,0.306185,1R9N-model-67-pos_A_Z
40,1,-0.34424520000000003,2E4M-model-1-pos_A_Z
41,4,1.947828,2EVV-model-30-neg_A_Z
42,2,0.41864239999999997,1T7P-model-3-pos_A_Z
43,4,1.9353103999999999,3MZW-model-53-neg_A_Z
44,4,0.4669813,3QC8-model-9-neg_A_Z
45,1,-0.39851773,2P48-model-4-pos_A_Z
46,4,1.9016308000000002,2NN3-model-94-neg_A_Z
47,4,1.4717424,3QQ8-model-65-neg_A_Z
48,4,1.7909398,2PQV-model-40-neg_A_Z
49,4,1.6997851000000002,1YUK-model-16-neg_A_Z
50,4,1.5090976,3H35-model-28-neg_A_Z
51,1,-1.521034,2Z0P-model-1-pos_A_Z
52,1,-1.6884754000000002,3BCP-model-1-pos_A_Z
53,4,0.7926380999999999,1Q1L-model-15-neg_A_Z
54,4,1.92632,1Y43-model-18-neg_A_Z
55,4,1.6284356000000002,4WEN-model-51-neg_A_Z
56,4,1.6320484,3NGB-model-43-neg_A_Z
57,4,1.9323413,1Y1O-model-54-neg_A_Z
58,4,1.6422923999999999,2EJG-model-14-neg_A_Z
59,3,-1.8285697,2ETE-model-8-pos_A_Z
60,3,1.8337468999999997,2G2U-model-95-pos_A_Z
61,1,-1.9025933000000002,1YUK-model-1-pos_A_Z
62,1,-1.6123273,4ILW-model-1-pos_A_Z
63,4,0.6919310000000001,3FFU-model-59-neg_A_Z
64,4,1.0684245,3K9M-model-88-neg_A_Z
65,1,-1.5939647,2G2W-model-1-pos_A_Z
66,4,1.952975,1YLQ-model-16-neg_A_Z
67,4,-0.054077744000000004,4UDM-model-21-neg_A_Z
68,4,1.3058661,1P69-model-97-neg_A_Z
69,1,-0.74288446,3PYY-model-1-pos_A_Z
70,3,-1.092541,3GBU-model-40-pos_A_Z
71,4,1.9462945,1I4E-model-36-neg_A_Z
72,4,0.51342297,2VIF-model-52-neg_A_Z
73,1,-1.8300542000000002,1DEV-model-1-pos_A_Z
74,1,0.96118546,2X9M-model-1-pos_A_Z
75,4,1.9556381999999999,1DJS-model-75-neg_A_Z
76,4,1.4215778000000001,2X36-model-71-neg_A_Z
77,4,1.9191381999999997,3T3A-model-30-neg_A_Z
78,4,1.2843243999999998,1G9I-model-27-neg_A_Z
79,1,-0.9480885,3OLM-model-1-pos_A_Z
80,2,0.066823244,2PTC-model-3-pos_A_Z
81,4,1.6416626,3AOG-model-18-neg_A_Z
82,3,1.247998,3TSR-model-16-pos_A_Z
83,1,-1.9065261000000002,1J3R-model-1-pos_A_Z
84,4,1.2362623,1Q9U-model-14-neg_A_Z
85,3,-0.7671617,1ZVN-model-2-pos_A_Z
86,4,1.4663692,1UDI-model-88-neg_A_Z
87,1,-0.21047688,2P6B-model-1-pos_A_Z
88,4,1.4194664,1SMF-model-17-neg_A_Z
89,1,-1.9220953,2IQH-model-1-pos_A_Z
90,1,-1.8749002000000001,2IY1-model-1-pos_A_Z
91,3,1.6719325,1N0L-model-71-pos_A_Z
92,2,0.020290256,1X1W-model-19-pos_A_Z
93,1,-1.8034973,2IWP-model-1-pos_A_Z
94,1,-1.5484431,1MR1-model-1-pos_A_Z
95,1,-1.5977928999999997,4BQD-model-1-pos_A_Z
96,2,0.18817616,3E2U-model-3-pos_A_Z
97,4,0.7565270000000001,1OMO-model-33-neg_A_Z
98,4,1.9408851000000003,1AK4-model-75-neg_A_Z
99,4,1.6385466,1X1W-model-30-neg_A_Z
100,4,1.9395512,2ZA4-model-47-neg_A_Z
101,4,1.9493678,3C4P-model-94-neg_A_Z
102,4,0.3637601,3FHC-model-57-neg_A_Z
103,3,-0.2648517,3I84-model-4-pos_A_Z
104,1,1.0227545,3JUY-pos_C_B
105,1,0.033798218,5JMC-model-17-pos_A_Z
106,1,-1.6351829,3C4P-model-1-pos_A_Z
107,1,-0.4185331,1DB2-model-2-pos_A_Z
108,1,-1.9155548999999998,4KFZ-model-1-pos_A_Z
109,1,-1.5430596,3B93-model-1-pos_A_Z
110,2,-1.1372736,4DG4-model-3-pos_A_Z
111,4,1.9353107,1NR9-model-73-neg_A_Z
112,2,-1.6087764999999998,3BGL-model-5-pos_A_Z
113,3,0.25553703,3QDZ-model-2-pos_A_Z
114,3,-1.2140813,4GH7-model-27-pos_A_Z
115,1,-1.6855265,2DSP-model-1-pos_A_Z
116,1,-1.9094331999999998,2HVY-model-1-pos_A_Z
117,2,-1.1893954,2IA9-model-3-pos_A_Z
118,4,1.8464042,3TG9-model-14-neg_A_Z
119,1,-1.8199083999999999,3WDG-model-1-pos_A_Z
120,4,1.184027,4ZQK-model-3-neg_A_Z
121,4,1.2253163,4KV5-model-2-neg_A_Z
122,4,1.7254962999999999,4W6X-model-92-neg_A_Z
123,3,-0.3242643,3PPE-model-3-pos_A_Z
124,4,1.9542922999999999,2W81-model-2-neg_A_Z
125,4,1.8801138,4JW3-model-89-neg_A_Z
126,2,-1.4319441000000002,4ZQU-model-2-pos_A_Z
127,1,-1.3890555,2QF3-model-2-pos_A_Z
128,4,1.7473578,2W80-model-26-neg_A_Z
129,1,-1.8965768,2B3Z-model-1-pos_A_Z
130,3,-0.71155876,3AHS-model-34-pos_A_Z
131,4,1.8759854999999999,3PRP-model-79-neg_A_Z
132,1,-1.9253776999999999,3NPG-model-1-pos_A_Z
133,3,0.706964,2EJG-model-22-pos_A_Z
134,4,1.8833612000000002,1EJA-model-65-neg_A_Z
135,4,1.9417256,1L2W-model-66-neg_A_Z
136,3,1.6279376,1JKG-model-41-pos_A_Z
137,1,-0.26802766,2OS5-model-3-pos_A_Z
138,1,-1.1203767,2P44-model-1-pos_A_Z
139,2,-1.141018,1EM8-model-17-pos_A_Z
140,1,-1.8813576,3DJP-model-1-pos_A_Z
141,3,-1.4621913,1Y96-model-8-pos_A_Z
142,3,-0.048403144,1YOX-model-71-pos_A_Z
143,1,-1.8678925,3AJY-model-1-pos_A_Z
144,3,1.191694,2RL7-model-74-pos_A_Z
145,4,1.9439999,1Y96-model-94-neg_A_Z
146,1,-1.8644607,3B76-model-1-pos_A_Z
147,4,1.9226519,1E5Q-model-96-neg_A_Z
148,4,0.40595174,1UUG-model-87-neg_A_Z
149,1,-1.8520342,1X1Y-model-1-pos_A_Z
150,4,1.9341811000000002,3HF5-model-27-neg_A_Z
151,3,-1.2763546000000001,2HD3-model-77-pos_A_Z
152,4,1.7666110000000002,3RDZ-model-75-neg_A_Z
153,1,0.0028098821999999997,3P83-model-1-pos_A_Z
154,3,0.6308398000000001,3HHJ-model-26-pos_A_Z
155,3,1.3793463,4NSO-model-78-pos_A_Z
156,4,1.941113,1DML-model-40-neg_A_Z
157,4,1.6925142,1L0A-model-7-neg_A_Z
158,4,1.9473637,3A1P-model-60-neg_A_Z
159,3,1.4029394,2YCH-model-44-pos_A_Z
160,1,0.2553817,4KGG-pos_C_A
161,1,-1.8859499,2KAI-model-1-pos_A_Z
162,1,-0.50823164,1P69-pos_A_B
163,4,1.9421016,1B27-model-43-neg_A_Z
164,4,1.9552575,2A0S-model-67-neg_A_Z
165,4,1.0996428,3SOQ-model-59-neg_A_Z
166,1,-1.3701627,4KRL-model-1-pos_A_Z
167,4,1.9612060000000002,3KMH-model-93-neg_A_Z
168,4,1.9362409999999999,4ILW-model-90-neg_A_Z
169,4,1.9114238999999997,2IY1-model-50-neg_A_Z
170,1,0.44886398,1T0P-model-1-pos_A_Z
171,1,-1.9093586999999999,2H5K-model-1-pos_A_Z
172,4,1.9642112,3TU3-model-2-neg_A_Z
173,3,1.2870428999999999,3ISM-model-5-pos_A_Z
174,1,-1.8397801,5HPK-model-1-pos_A_Z
175,1,-1.8161384999999999,1I4E-pos_A_B
176,2,-1.9080145,4L0P-model-60-pos_A_Z
177,1,-0.8915474,2P45-model-1-pos_A_Z
178,4,1.9397944999999999,1NQ9-model-75-neg_A_Z
179,1,-1.7363193,1HBT-model-1-pos_A_Z
180,2,1.8975465,1FIW-model-75-pos_A_Z
181,4,1.6277378,3UI2-model-42-neg_A_Z
182,3,1.9155988000000002,2BBA-model-29-pos_A_Z
183,4,1.8758653000000003,1IJX-model-9-neg_A_Z
184,3,1.0952138999999999,1NR9-model-50-pos_A_Z
185,4,1.9591726000000003,1UE7-model-93-neg_A_Z
186,4,-0.03207481,3GNJ-model-39-neg_A_Z
187,4,1.9345495,2NU1-model-70-neg_A_Z
188,4,1.7646531000000003,1J4U-model-41-neg_A_Z
189,1,-0.058074713,1GXD-model-1-pos_A_Z
190,3,-0.49543009999999993,2GKW-model-12-pos_A_Z
191,4,1.7672486,3FL1-model-48-neg_A_Z
192,1,1.3865665,2VE6-model-13-pos_A_Z
193,4,1.9571427,3PIM-model-74-neg_A_Z
194,1,-0.79971373,3TU3-model-1-pos_A_Z
195,4,1.6348194999999999,3HHJ-model-37-neg_A_Z
196,1,-1.5154969999999999,4POU-model-1-pos_A_Z
197,2,-0.5772102,3BT1-model-11-pos_A_Z
198,1,-1.7324346999999998,1FU5-model-1-pos_A_Z
199,1,-1.5562056,1ACB-model-1-pos_A_Z
200,1,-0.5823001999999999,2RA3-model-1-pos_A_Z
201,1,-1.9302982,1UAN-model-1-pos_A_Z
202,4,1.9401517,1F45-model-62-neg_A_Z
203,4,1.9430588,2C1W-model-9-neg_A_Z
204,4,0.22539854,3JVC-model-69-neg_A_Z
205,4,1.9487292,1HPU-model-19-neg_A_Z
206,4,0.6530923000000001,3BPD-model-91-neg_A_Z
207,4,1.9498421000000001,2ZSU-model-38-neg_A_Z
208,4,1.2012969,1GL0-model-99-neg_A_Z
209,1,-1.7606363,2ZDC-model-1-pos_A_Z
210,3,1.1472669,1DN2-model-42-pos_A_Z
211,1,-0.5965595,3HO5-model-21-pos_A_Z
212,2,-0.08136654,4U97-model-3-pos_A_Z
213,4,1.9572748,3FYF-model-95-neg_A_Z
214,1,-1.4506613000000002,2J7Q-model-1-pos_A_Z
215,4,1.872495,4NOO-model-18-neg_A_Z
216,1,-0.41868138,2VIF-model-1-pos_A_Z
217,1,-0.9062868000000001,1SHS-model-28-pos_A_Z
218,4,0.8781038000000001,3HQR-model-73-neg_A_Z
219,3,0.82673615,4UDM-model-81-pos_A_Z
220,1,-1.8910331999999999,2HJ1-model-1-pos_A_Z
221,1,-1.17009,2WQ4-model-1-pos_A_Z
222,4,1.8866281999999999,3E9M-model-94-neg_A_Z
223,4,1.5340343,2HZM-model-97-neg_A_Z
224,4,1.3819541000000002,4I6L-model-13-neg_A_Z
225,3,0.29773855,2FPE-model-4-pos_A_Z
226,4,1.7982211,1JNP-model-54-neg_A_Z
227,4,1.9393823000000001,3BQB-model-43-neg_A_Z
228,4,0.9403465,2C7E-model-65-neg_A_Z
229,4,1.8750378,4U97-model-26-neg_A_Z
230,4,1.6435736,2F2F-model-100-neg_A_Z
231,4,1.9617735,3OSL-model-84-neg_A_Z
232,1,-1.7526008999999998,2EP5-model-4-pos_A_Z
233,3,-1.8262619999999998,3DCL-model-35-pos_A_Z
234,4,1.7477858,1HAA-model-65-neg_A_Z
235,4,1.9423437,1HYR-model-9-neg_A_Z
236,4,1.9570721000000002,1HX5-model-95-neg_A_Z
237,4,1.8799278000000001,2QW7-model-94-neg_A_Z
238,1,-1.7154068999999998,5D3I-model-1-pos_A_Z
239,2,0.043752074,4M5F-model-18-pos_A_Z
240,1,-1.0233729999999999,1HYR-model-2-pos_A_Z
241,4,1.950751,1Y4D-model-59-neg_A_Z
242,4,0.007780552,1XWD-model-2-neg_A_Z
243,1,-1.7473825,3KWV-model-1-pos_A_Z
244,4,1.1984155,3O9L-model-30-neg_A_Z
245,2,-1.5299688999999999,3C4O-model-2-pos_A_Z
246,1,-1.5224161,3DQQ-model-3-pos_A_Z
247,2,-0.3250035,1YVB-model-2-pos_A_Z
248,1,-1.0557508,2NU1-model-1-pos_A_Z
249,1,-1.833375,3H8D-model-1-pos_A_Z
250,1,-1.8566723000000003,1YC6-model-1-pos_A_Z
251,4,1.9368414,1N0L-model-58-neg_A_Z
252,3,1.2323708999999998,2GHW-model-34-pos_A_Z
253,4,1.8129968999999997,3BTV-model-56-neg_A_Z
254,1,-1.8840863,2VJF-model-1-pos_A_Z
255,1,-1.7713754000000002,4I6L-model-1-pos_A_Z
256,4,1.9451083999999998,3FJU-model-76-neg_A_Z
257,2,-1.083913,2NQD-model-57-pos_A_Z
258,1,-1.1346458000000001,3QJ7-model-6-pos_A_Z
259,2,-1.5684607,4HDO-model-97-pos_A_Z
260,3,0.62520033,3CDW-model-49-pos_A_Z
261,1,-1.4915386,2WG3-model-1-pos_A_Z
262,4,1.9530118000000003,2ZVW-model-2-neg_A_Z
263,4,1.9269695,2GS7-model-20-neg_A_Z
264,4,1.9132444,2RL7-model-15-neg_A_Z
265,4,1.9221028000000002,1GXD-model-56-neg_A_Z
266,4,1.3301843,2B42-model-48-neg_A_Z
267,1,-0.29955804,3FHC-model-1-pos_A_Z
268,1,-1.5256896,1EJA-model-2-pos_A_Z
269,4,1.8143871999999999,3SJ9-model-84-neg_A_Z
270,4,1.8322129,3BX1-model-81-neg_A_Z
271,4,1.9197557,1XG2-model-85-neg_A_Z
272,3,0.5961350000000001,3B9I-model-51-pos_A_Z
273,1,-1.8948877,1Y43-model-1-pos_A_Z
274,4,1.9578063,2WG3-model-54-neg_A_Z
275,2,0.38816547,2JJT-model-2-pos_A_Z
276,3,-1.0620393,2W1T-model-7-pos_A_Z
277,4,1.4816169,2BBA-model-24-neg_A_Z
278,1,-0.019966364,3HCG-model-1-pos_A_Z
279,4,1.9485179,2ANE-model-74-neg_A_Z
280,3,1.6473457999999999,2DUP-model-11-pos_A_Z
281,1,-0.10772431,1F9S-model-7-pos_A_Z
282,4,-0.03824103,3TSZ-model-12-neg_A_Z
283,4,1.9445478999999999,4KR0-model-40-neg_A_Z
284,4,1.9334703999999998,1G31-model-23-neg_A_Z
285,3,0.032220483,3V5N-model-24-pos_A_Z
286,1,0.9185244,1YBG-model-1-pos_A_Z
287,3,0.43389928,2HQH-model-31-pos_A_Z
288,1,-0.06472993,2Z7X-model-3-pos_A_Z
289,2,1.1653566,3FJU-model-66-pos_A_Z
290,4,1.8841275000000002,1GO4-model-6-neg_A_Z
291,1,0.298146,2PQS-pos_A_B
292,1,-1.5219743000000001,2YYS-model-1-pos_A_Z
293,3,1.0097704,3TGK-model-21-pos_A_Z
294,3,1.0598406999999999,3CJX-model-5-pos_A_Z
295,3,1.4047178999999999,4U30-model-35-pos_A_Z
296,4,0.9544607,3QDZ-model-87-neg_A_Z
297,1,-0.935725,2WG4-model-7-pos_A_Z
298,4,0.85989654,5AYR-model-19-neg_A_Z
299,3,-0.3872664,1Y48-model-38-pos_A_Z
300,4,1.9409446,2OS5-model-99-neg_A_Z
301,2,-0.027025938,1AHS-model-8-pos_A_Z
302,2,-1.8339443,3BQB-model-2-pos_A_Z
303,3,-1.7470167,1Y34-model-13-pos_A_Z
304,1,-1.8181915000000002,4CJ1-model-1-pos_A_Z
305,1,-1.8796282,2XCE-model-1-pos_A_Z
306,4,1.8808023,3M5R-model-85-neg_A_Z
307,1,-1.8651731,2K2S-model-1-pos_A_Z
308,1,-1.8132658,1UGH-model-1-pos_A_Z
309,4,1.3859442,1ZVN-model-32-neg_A_Z
310,1,-1.4471834,3H35-model-1-pos_A_Z
311,4,1.9354363999999997,4RS1-model-23-neg_A_Z
312,4,1.9532931,4AFQ-model-47-neg_A_Z
313,4,1.8748409,3KWV-model-4-neg_A_Z
314,1,-1.8647698,3FPU-model-1-pos_A_Z
315,3,1.4839632999999999,3BCW-model-8-pos_A_Z
316,4,1.8745450000000001,4CDK-model-23-neg_A_Z
317,1,-1.0762131000000001,2P49-model-1-pos_A_Z
318,3,-1.130744,1AVX-model-11-pos_A_Z
319,4,1.9248405,1SOT-model-19-neg_A_Z
320,4,1.9225457,4NZW-model-60-neg_A_Z
321,4,0.9318209999999999,1B3T-model-18-neg_A_Z
322,1,0.29041803,2OZK-model-62-pos_A_Z
323,1,-0.1306895,2X36-model-1-pos_A_Z
324,1,1.6775284,2AZN-pos_A_D
325,4,1.9303744999999999,1SHY-model-37-neg_A_Z
326,4,1.5634019,5JLV-model-20-neg_A_Z
327,3,0.6920810000000001,3CG8-model-68-pos_A_Z
328,1,-1.7740502,3WA5-model-1-pos_A_Z
329,3,1.8418991999999998,1C9T-model-89-pos_A_Z
330,3,0.5363770999999999,1XD3-model-2-pos_A_Z
331,1,-1.4956483999999999,2BTF-model-1-pos_A_Z
332,1,-1.8895513,4B1Y-model-1-pos_A_Z
333,4,1.6997118999999998,2OZK-model-9-neg_A_Z
334,1,-0.18390262,4YEB-model-3-pos_A_Z
335,4,1.9282188000000002,2HQH-model-90-neg_A_Z
336,4,1.8792830000000003,4MSM-model-27-neg_A_Z
337,1,-1.4862263,5D1M-model-1-pos_A_Z
338,1,-1.9064248,1Q5H-model-1-pos_A_Z
339,4,1.2434978,4AN7-model-46-neg_A_Z
340,4,1.8101015,3DA7-model-54-neg_A_Z
341,4,1.8590482,3P95-model-95-neg_A_Z
342,4,1.1843137,2OPI-model-91-neg_A_Z
343,4,1.9508648999999998,1LDT-model-72-neg_A_Z
344,4,1.8728240000000003,2E4M-model-68-neg_A_Z
345,1,-1.3649063,1B3S-model-1-pos_A_Z
346,4,1.9531728,2SIC-model-47-neg_A_Z
347,4,1.9511894,3B6P-model-78-neg_A_Z
348,4,1.6733503,3F74-model-91-neg_A_Z
349,4,1.8184888,3KZH-model-5-neg_A_Z
350,4,1.9275084999999998,2J7Q-model-8-neg_A_Z
351,3,0.8098453,3H6S-model-54-pos_A_Z
352,4,1.9409693,2Y9X-model-39-neg_A_Z
353,4,1.8757267,3NCT-model-2-neg_A_Z
354,4,1.9506265999999999,2P49-model-20-neg_A_Z
355,4,1.3740636999999998,3H6S-model-97-neg_A_Z
356,4,1.9531040000000002,2WAM-model-25-neg_A_Z
357,3,-1.3410673999999998,2IDO-model-27-pos_A_Z
358,4,1.9443307,2I04-model-40-neg_A_Z
359,3,0.07133555400000001,2QBW-model-36-pos_A_Z
360,3,0.7645698000000001,1SUW-model-24-pos_A_Z
361,4,1.6010004,1JXQ-model-75-neg_A_Z
362,4,1.7555825,4DOQ-model-92-neg_A_Z
363,3,0.11908138,3EUK-model-17-pos_A_Z
364,1,-1.8616681000000002,4PQT-model-1-pos_A_Z
365,2,-1.1323087,1B27-model-25-pos_A_Z
366,4,1.9455997999999999,2IA9-model-92-neg_A_Z
367,4,1.5169393999999998,3K4W-model-51-neg_A_Z
368,1,-1.4829245,3N6Q-model-3-pos_A_Z
369,4,1.9489133,2G6V-model-6-neg_A_Z
370,4,0.2408936,4B1X-model-85-neg_A_Z
371,4,1.3712951,2OKQ-model-71-neg_A_Z
372,1,-0.8833689,2Q7N-model-1-pos_A_Z
373,4,0.73351794,4TQ1-model-86-neg_A_Z
374,4,1.9608900000000002,1JTD-model-88-neg_A_Z
375,4,1.9250613,3QSK-model-19-neg_A_Z
376,4,0.6264765,2QLC-model-28-neg_A_Z
377,3,0.38013816,3KMH-model-22-pos_A_Z
378,4,1.9195167000000002,5D1M-model-14-neg_A_Z
379,4,1.947107,2SNI-model-17-neg_A_Z
380,3,0.10198462,1MBY-model-2-pos_A_Z
381,1,-1.169373,4KR0-model-1-pos_A_Z
382,4,0.8447238000000001,3I2B-model-26-neg_A_Z
383,4,1.9262276000000003,1XD3-model-43-neg_A_Z
384,4,1.3572351999999999,2X9A-model-52-neg_A_Z
385,4,1.8712616999999998,1EAI-model-76-neg_A_Z
386,4,1.9228343999999997,1F9S-model-34-neg_A_Z
387,4,1.8991306000000001,3P9W-model-98-neg_A_Z
388,4,1.9313142,3FSN-model-61-neg_A_Z
389,2,-1.4244146,1SOT-model-42-pos_A_Z
390,1,-1.9074174,1I07-model-1-pos_A_Z
391,1,-1.8261294,3NTQ-model-1-pos_A_Z
392,3,1.0293946,2GJV-model-32-pos_A_Z
393,4,0.6089732,2IWP-model-9-neg_A_Z
394,1,0.4873401,4LQW-model-19-pos_A_Z
395,1,-1.5975458999999999,4EIG-model-1-pos_A_Z
396,2,-0.8753245999999999,3FLP-model-75-pos_A_Z
397,4,1.9582223,3UZP-model-41-neg_A_Z
398,2,1.1694852,1OS2-model-11-pos_A_Z
399,3,0.8708961999999999,3TDM-model-19-pos_A_Z
400,3,0.86151296,4LLO-model-90-pos_A_Z
401,1,0.33305323,5D1L-model-1-pos_A_Z
402,3,-1.5748897,2CO6-model-11-pos_A_Z
403,3,-1.2167082,2HZM-model-7-pos_A_Z
404,4,1.9070726999999998,5B75-model-87-neg_A_Z
405,1,-0.69808984,1XG2-model-1-pos_A_Z
406,1,-1.7129108,3NCT-model-1-pos_A_Z
407,4,1.0963755,1F2U-model-59-neg_A_Z
408,1,-1.8151109,4DOQ-model-1-pos_A_Z
409,1,-1.839668,3KW5-model-1-pos_A_Z
410,4,1.8995185,4EQA-model-15-neg_A_Z
411,4,0.77658707,2GJV-model-3-neg_A_Z
412,4,1.9265621,5B78-model-96-neg_A_Z
413,3,-1.3803105,1XFS-model-11-pos_A_Z
414,4,1.5769268,2A2L-model-29-neg_A_Z
415,4,1.9436403999999998,1X1U-model-27-neg_A_Z
416,4,0.91063035,1FIW-model-18-neg_A_Z
417,4,1.7993176,4CJ1-model-23-neg_A_Z
418,4,1.9564158,4A94-model-33-neg_A_Z
419,3,0.6380373,3SOQ-model-10-pos_A_Z
420,4,1.1627450000000001,2XCE-model-25-neg_A_Z
421,4,1.9230051,2OVI-model-26-neg_A_Z
422,4,1.9632381,2Z29-model-68-neg_A_Z
423,3,1.0218835,1INN-model-11-pos_A_Z
424,4,1.9343593999999997,4G6U-model-87-neg_A_Z
425,4,1.6287247999999999,2PUY-model-75-neg_A_Z
426,4,1.9370986000000001,3P71-model-62-neg_A_Z
427,4,1.9111252,1UWG-model-70-neg_A_Z
428,4,1.8476150000000002,3Q9N-model-10-neg_A_Z
429,2,-0.87321603,3FD4-model-4-pos_A_Z
430,1,-1.7657406000000002,1BPO-model-1-pos_A_Z
431,4,1.9349903000000002,2P46-model-44-neg_A_Z
432,3,0.11448121,3Q7H-model-40-pos_A_Z
433,4,1.8393258000000001,2OYA-model-78-neg_A_Z
434,1,-1.9095932,1BO4-model-1-pos_A_Z
435,1,-0.007345795600000001,3JRQ-model-1-pos_A_Z
436,1,-1.8710134999999999,2W81-model-1-pos_A_Z
437,4,1.7433223000000002,3I84-model-44-neg_A_Z
438,2,-1.8569696,3KZH-model-3-pos_A_Z
439,4,-1.7568963,3PGA-model-8-neg_A_Z
440,1,0.45767367,3JVC-model-2-pos_A_Z
441,3,1.3751507,3P8B-model-36-pos_A_Z
442,3,-0.81621623,5AYR-model-66-pos_A_Z
443,4,1.8758974,5JYL-model-17-neg_A_Z
444,3,1.56716,1TM3-model-87-pos_A_Z
445,1,-1.4899879999999999,2BUJ-model-1-pos_A_Z
446,3,-0.19619,3QQ8-model-4-pos_A_Z
447,1,-1.9353943,3K3C-model-1-pos_A_Z
448,4,1.5900463,4KGG-model-80-neg_A_Z
449,1,-1.6773126,1YCS-model-1-pos_A_Z
450,3,-1.1136416999999998,2QYI-model-56-pos_A_Z
451,2,0.7971835999999999,3EPZ-model-35-pos_A_Z
452,4,1.9545993000000002,3DCL-model-69-neg_A_Z
453,1,0.055975199999999996,2QC1-model-3-pos_A_Z
454,4,0.027169347000000003,2EP5-model-2-neg_A_Z
455,1,-1.6355518999999998,3UI2-model-1-pos_A_Z
456,4,1.9525616000000001,3TQY-model-18-neg_A_Z
457,4,1.9443331999999998,3M85-model-1-neg_A_Z
458,4,1.8768376,4KBB-model-95-neg_A_Z
459,4,1.8538312,3HTR-model-73-neg_A_Z
460,2,0.05900085,2R0K-model-42-pos_A_Z
461,2,-1.3785752,3N4I-model-2-pos_A_Z
462,4,1.0357616,2DPF-model-9-neg_A_Z
463,1,0.96672857,5JYL-model-1-pos_A_Z
464,3,0.72128594,3TL8-model-90-pos_A_Z
465,4,1.9543805,1JK9-model-77-neg_A_Z
466,4,1.7806683,1S98-model-27-neg_A_Z
467,4,1.9532107,2W2N-model-75-neg_A_Z
468,3,1.7554988999999999,1HX5-model-68-pos_A_Z
469,1,-0.16889668,1Z3G-model-23-pos_A_Z
470,4,1.9463253,1GT7-model-70-neg_A_Z
471,3,0.037077785,2OPI-model-73-pos_A_Z
472,1,-1.9059718999999997,1B3T-model-1-pos_A_Z
473,4,1.8589708999999999,3V3K-model-87-neg_A_Z
474,3,-1.5057302,2P4Z-model-36-pos_A_Z
475,3,-1.8839195,3PIM-model-2-pos_A_Z
476,4,1.955354,1Y3B-model-64-neg_A_Z
477,4,1.8418546000000002,3EUK-model-50-neg_A_Z
478,1,-1.0747337,3P9W-model-1-pos_A_Z
479,1,-1.186512,3BPD-model-2-pos_A_Z
480,4,0.9325254000000001,1UM2-model-63-neg_A_Z
481,4,1.9296337,3DJP-model-2-neg_A_Z
482,4,1.9319046000000002,2WVT-model-74-neg_A_Z
483,2,-0.12517107,3FFU-model-63-pos_A_Z
484,3,1.8778833,2O9Q-model-19-pos_A_Z
485,4,1.5066527,1EM8-model-4-neg_A_Z
486,4,1.9530616000000003,2NQD-model-75-neg_A_Z
487,4,0.90548205,3TGK-model-74-neg_A_Z
488,1,-0.47808838,2Y9X-model-1-pos_A_Z
489,4,1.5533777,3V96-model-30-neg_A_Z
490,1,-1.584498,2OTL-model-1-pos_A_Z
491,4,0.92031956,2O9Q-model-52-neg_A_Z
492,4,1.2685986999999999,2FPE-model-13-neg_A_Z
493,4,1.9089582999999999,2Q17-model-84-neg_A_Z
494,2,-0.030090212999999998,4XL5-model-63-pos_A_Z
495,4,1.7537334,2H1T-model-4-neg_A_Z
496,1,-0.7141152,3FCG-model-1-pos_A_Z
497,3,0.21151936,1E8N-model-11-pos_A_Z
498,3,0.91761345,2HVB-model-5-pos_A_Z
499,1,0.11182189,1H1V-model-1-pos_A_Z
500,4,1.937397,3KQZ-model-87-neg_A_Z
501,4,1.9483123,1AN1-model-47-neg_A_Z
502,4,1.948854,3EDP-model-80-neg_A_Z
503,4,1.7070246,1TE1-model-65-neg_A_Z
504,4,1.2380079,2P45-model-65-neg_A_Z
505,1,1.8325611000000002,3I5V-pos_A_D
506,3,0.54427147,4XXB-model-6-pos_A_Z
507,1,-1.0043973,1SMF-model-1-pos_A_Z
508,1,-1.7940953999999998,1F5R-model-1-pos_A_Z
509,1,1.2107959,3SLH-model-9-pos_A_Z
510,1,-0.43959045,1RY7-model-1-pos_A_Z
511,1,-1.8879314999999999,2ZSU-model-1-pos_A_Z
512,2,-1.8687326000000002,1L2W-model-2-pos_A_Z
513,1,-1.4870543,3FL1-model-1-pos_A_Z
514,1,-1.8513796000000002,1C9S-model-1-pos_A_Z
515,4,1.8567077,5JMC-model-62-neg_A_Z
516,4,1.7855883999999997,1JKG-model-20-neg_A_Z
517,1,-1.8623761000000003,1AGQ-model-1-pos_A_Z
518,4,1.355782,2QYI-model-13-neg_A_Z
519,2,-1.6852108000000001,1EZI-model-2-pos_A_Z
520,1,-1.8376669999999997,4PJ2-model-1-pos_A_Z
521,4,1.9112213,5IOH-model-53-neg_A_Z
522,3,1.9176733,2Q17-model-49-pos_A_Z
523,4,1.9064136999999999,3OJM-model-70-neg_A_Z
524,3,0.9104099,1BJR-model-77-pos_A_Z
525,4,1.9406936000000001,1TAW-model-62-neg_A_Z
526,4,1.9023787,3B93-model-31-neg_A_Z
527,3,0.59389174,1UK4-model-30-pos_A_Z
528,3,0.055476904,5D1K-model-6-pos_A_Z
529,3,1.3626761,1GT7-model-43-pos_A_Z
530,4,1.9264433,2A6P-model-50-neg_A_Z
531,3,1.7972711,2W80-model-52-pos_A_Z
532,1,-0.7491943,2C1W-model-1-pos_A_Z
533,1,-0.42765558,2P47-model-2-pos_A_Z
534,4,0.48359394,3Q7H-model-89-neg_A_Z
535,4,1.2056200000000001,2J12-model-61-neg_A_Z
536,3,0.99232316,4KV5-model-70-pos_A_Z
537,1,-0.5329746999999999,4BWQ-model-1-pos_A_Z
538,1,-1.6179938,3TG9-model-1-pos_A_Z
539,4,1.8961592,2CE8-model-4-neg_A_Z
540,4,1.5668153,2Z0P-model-83-neg_A_Z
541,4,1.7675991000000002,3EMJ-model-100-neg_A_Z
542,1,1.8390049,3D1M-model-1-pos_A_Z
543,4,1.9003146,2BTF-model-50-neg_A_Z
544,1,-1.8689501,1IJX-model-1-pos_A_Z
545,4,0.8512825999999999,3LRJ-model-53-neg_A_Z
546,4,1.3084052,1JYI-model-41-neg_A_Z
547,4,1.8491547,1M1F-model-17-neg_A_Z
548,2,0.3240887,2HEY-model-24-pos_A_Z
549,4,1.4429318000000002,1ZCP-model-57-neg_A_Z
550,1,0.5464661,4FZA-model-21-pos_A_Z
551,1,-1.7922631999999998,3P95-model-1-pos_A_Z
552,4,1.0472994,1QB3-model-54-neg_A_Z
553,3,1.0966034,2PNH-model-18-pos_A_Z
554,3,0.9455985999999998,1EAI-model-51-pos_A_Z
555,1,-0.2962302,3O2X-model-1-pos_A_Z
556,4,1.1271007,3BN3-model-63-neg_A_Z
557,4,1.9455435,1G60-model-23-neg_A_Z
558,1,-1.5442646999999998,2I04-model-11-pos_A_Z
559,4,1.9595956,3GBU-model-23-neg_A_Z
560,1,-1.5399813999999998,4W6X-model-1-pos_A_Z
561,1,-1.8978691000000003,2OKQ-model-1-pos_A_Z
562,4,1.4359995,3DKU-model-31-neg_A_Z
563,4,1.9374080000000002,2W0C-model-83-neg_A_Z
564,4,0.7148392,2O8Q-model-15-neg_A_Z
565,4,1.6380293,1YY9-model-13-neg_A_Z
566,2,-1.2035285,2EWN-model-4-pos_A_Z
567,4,1.8023859,3Q87-model-35-neg_A_Z
568,1,-1.0274063,1DLE-model-1-pos_A_Z
569,1,1.8826636000000003,3MJ9-model-4-pos_A_Z
570,4,0.6922148,3BRD-model-46-neg_A_Z
571,1,-1.7536569,1UWG-model-2-pos_A_Z
572,4,1.9394314,2R9P-model-12-neg_A_Z
573,4,0.42899,2HWJ-model-15-neg_A_Z
574,1,-1.6954188000000001,3BX1-model-1-pos_A_Z
575,4,1.7502887999999999,3FG8-model-81-neg_A_Z
576,2,0.014877796,5B77-model-2-pos_A_Z
577,1,0.06584895,2I5G-model-1-pos_A_Z
578,3,1.3753335,3LRJ-model-21-pos_A_Z
579,1,-1.868136,1ATN-pos_A_D
580,1,0.33365583,3HPN-model-1-pos_A_Z
581,4,1.2720608999999998,3B76-model-23-neg_A_Z
582,1,-1.8378717,1GO4-model-1-pos_A_Z
583,4,1.9048238000000002,3TSR-model-5-neg_A_Z
584,4,1.9449613000000001,1XV2-model-70-neg_A_Z
585,3,-1.5400475,1SMO-model-18-pos_A_Z
586,4,1.9491698,2H3N-model-64-neg_A_Z
587,1,0.51342404,3EHU-model-6-pos_A_Z
588,4,1.9331888,2FTL-model-32-neg_A_Z
589,4,0.7794353,1PBI-model-61-neg_A_Z
590,4,1.958275,3PIG-model-16-neg_A_Z
591,4,1.8647054,3HMK-model-2-neg_A_Z
592,4,1.0307576999999999,3B01-model-58-neg_A_Z
593,3,0.8731325000000001,3DKU-model-28-pos_A_Z
594,1,-1.5143757,4NOO-model-1-pos_A_Z
595,4,1.902177,2HL3-model-58-neg_A_Z
596,4,0.42946744,1P3H-model-76-neg_A_Z
597,3,-0.13992476,1G9I-model-26-pos_A_Z
598,4,0.22016263,3CDW-model-69-neg_A_Z
599,4,1.8452671999999999,3H9G-model-70-neg_A_Z
600,4,1.9508088,4PJ2-model-64-neg_A_Z
601,1,-0.56859386,3V3K-model-1-pos_A_Z
602,4,1.901123,4WEM-model-74-neg_A_Z
603,4,-0.6343451999999999,1WOQ-model-33-neg_A_Z
604,4,1.9370973000000002,3E2L-model-85-neg_A_Z
605,2,-1.8714803,4AN7-model-2-pos_A_Z
606,4,1.9437331000000002,1A79-model-34-neg_A_Z
607,4,1.0414454,2JOD-model-7-neg_A_Z
608,4,1.6973453,1MAS-model-99-neg_A_Z
609,4,0.19340813,4B1V-model-94-neg_A_Z
610,1,-1.6975858,4CJ0-model-1-pos_A_Z
611,4,0.70347774,1UK4-model-48-neg_A_Z
612,4,1.1496785,3LM1-model-6-neg_A_Z
613,4,1.163075,5D1K-model-98-neg_A_Z
614,1,-0.7631468000000001,1CQ3-model-1-pos_A_Z
615,4,1.9621781999999999,4KFZ-model-24-neg_A_Z
616,3,1.023349,2I7R-model-11-pos_A_Z
617,4,0.43849158,3B9I-model-90-neg_A_Z
618,3,1.8544773999999997,3M5R-model-28-pos_A_Z
619,2,0.04123056,5B78-model-35-pos_A_Z
620,1,-1.8433752,3KDG-model-1-pos_A_Z
621,1,-1.0158968000000002,1C9P-model-1-pos_A_Z
622,4,0.8214865,3FCG-model-85-neg_A_Z
623,4,0.6568841,4AFZ-model-72-neg_A_Z
624,4,1.6272483999999998,5F3X-model-61-neg_A_Z
625,4,1.7171465,3ISM-model-29-neg_A_Z
626,4,1.7493616,3ENT-model-100-neg_A_Z
627,4,1.6366781000000001,2Z0E-model-7-neg_A_Z
628,4,1.6713767,3CAM-model-3-neg_A_Z
629,1,-0.8070762,3ZWL-model-1-pos_A_Z
630,1,-1.8454696,1R7A-model-1-pos_A_Z
631,3,0.11100066,2O8Q-model-17-pos_A_Z
632,4,1.9315727999999999,1Y1K-model-10-neg_A_Z
633,1,-1.7552879000000001,2GD4-model-1-pos_A_Z
634,4,1.9145671000000002,1NU9-model-16-neg_A_Z
635,3,0.2667699,4MSM-model-33-pos_A_Z
636,3,-1.8683887,2Z29-model-6-pos_A_Z
637,4,1.1852578999999999,2CCL-model-6-neg_A_Z
638,3,1.6521215,2ZCK-model-68-pos_A_Z
639,4,0.9094267,3C8I-model-2-neg_A_Z
640,1,-0.056628704,3T3A-model-6-pos_A_Z
641,1,0.087399006,1S1Q-model-1-pos_A_Z
642,4,1.9470387999999998,2Z7F-model-94-neg_A_Z
643,4,1.9450314999999998,1J3R-model-89-neg_A_Z
644,4,1.9539186000000002,4J2Y-model-81-neg_A_Z
645,1,-0.7447275999999999,1ERN-model-18-pos_A_Z
646,4,1.9174883000000003,4L0P-model-10-neg_A_Z
647,4,1.9422462,3ZWL-model-32-neg_A_Z
648,4,1.8997426,2OTL-model-29-neg_A_Z
649,4,1.9288272000000002,1B3S-model-69-neg_A_Z
650,4,1.4670618,1UHE-model-61-neg_A_Z
651,4,1.9616892,3D4G-model-51-neg_A_Z
652,3,0.90144694,1I4O-model-3-pos_A_Z
653,4,1.9317932,4BWQ-model-52-neg_A_Z
654,3,0.8599165999999999,2Z0E-model-29-pos_A_Z
655,2,0.19656289,5B76-model-3-pos_A_Z
656,3,1.3219275,1AN1-model-69-pos_A_Z
657,4,1.9554322,3BHD-model-56-neg_A_Z
658,4,1.1234652,1GCQ-model-26-neg_A_Z
659,4,1.4962559,1BO4-model-93-neg_A_Z
660,4,1.944073,3O2X-model-26-neg_A_Z
661,4,1.9395053,1VG9-model-4-neg_A_Z
662,2,-1.7294154,1TE1-model-13-pos_A_Z
663,4,0.04778385,1C9S-model-22-neg_A_Z
664,4,1.0243906999999999,3QWN-model-56-neg_A_Z
665,4,1.9043796999999998,4F0A-model-30-neg_A_Z
666,4,1.9310168999999997,1R0R-model-52-neg_A_Z
667,4,1.8027643,1UGH-model-17-neg_A_Z
668,3,0.9319304,1FGL-model-47-pos_A_Z
669,4,1.6623961,2XTJ-model-63-neg_A_Z
670,4,1.9409883999999997,1XFS-model-44-neg_A_Z
671,2,-1.9108116999999998,1PGL-model-2-pos_A_Z
672,4,1.8574293999999998,1WZ3-model-60-neg_A_Z
673,2,-1.3594258,5B75-model-2-pos_A_Z
674,1,-1.3395475000000001,1JTD-model-1-pos_A_Z
675,2,1.7443924,1TO1-model-17-pos_A_Z
676,4,1.3182443000000001,3E2U-model-95-neg_A_Z
677,4,1.961471,1R0K-model-56-neg_A_Z
678,3,1.9575983000000001,3KLQ-model-94-pos_A_Z
679,1,-1.7602596999999998,2DOH-model-1-pos_A_Z
680,1,1.6194468000000002,2XB6-pos_A_C
681,4,1.1840017,2VER-model-62-neg_A_Z
682,3,-1.1315155000000001,4AG2-model-9-pos_A_Z
683,4,1.2921026000000002,3SM1-model-21-neg_A_Z
684,4,1.5629917,2ETE-model-74-neg_A_Z
685,4,1.8791858000000001,1TM4-model-90-neg_A_Z
686,4,1.9515071,3KLQ-model-43-neg_A_Z
687,4,1.7736366000000001,1MZW-model-81-neg_A_Z
688,4,1.8150525000000002,3M5O-model-62-neg_A_Z
689,4,1.9331169999999998,1T8U-model-35-neg_A_Z
690,2,0.16480696,1G31-model-15-pos_A_Z
691,4,1.950616,1DFJ-model-29-neg_A_Z
692,3,0.9442218000000001,1M1F-model-14-pos_A_Z
693,1,-1.8924,4TQ1-model-1-pos_A_Z
694,1,0.03555286,2VPM-model-1-pos_A_Z
695,1,-0.47992623,3F5N-model-1-pos_A_Z
696,3,1.0315597,3DGP-model-46-pos_A_Z
697,1,-0.45183933,2JG8-model-1-pos_A_Z
698,2,-1.4496738,2B42-model-4-pos_A_Z
699,4,0.6701793,1OX9-model-21-neg_A_Z
700,2,0.124791384,4CPA-model-33-pos_A_Z
701,4,1.2719040000000001,1WDX-model-63-neg_A_Z
702,4,1.9359715,3K3C-model-8-neg_A_Z
703,3,1.6199641000000002,3B08-model-48-pos_A_Z
704,1,0.113288045,4F0A-model-1-pos_A_Z
705,1,-1.8332696,3KQZ-model-1-pos_A_Z
706,3,1.0988082000000001,1JYI-model-85-pos_A_Z
707,4,1.9557483,4DG4-model-23-neg_A_Z
708,2,-1.2592927999999999,3OJ2-model-2-pos_A_Z
709,4,1.9410022,1H1V-model-72-neg_A_Z
710,1,1.418315,2PKG-pos_A_C
711,4,1.9285575000000001,1Z5Y-model-76-neg_A_Z
712,4,1.9469452,1UP6-model-35-neg_A_Z
713,3,-1.3368238000000001,2X53-model-18-pos_A_Z
714,3,0.055572152,4AYE-model-5-pos_A_Z
715,4,1.9207077000000001,1WQJ-model-7-neg_A_Z
716,4,1.9126357,3GRW-model-56-neg_A_Z
717,4,1.797294,1MK9-model-50-neg_A_Z
718,4,-0.018422484,1LW6-model-33-neg_A_Z
719,3,1.8324206000000003,3JZA-model-2-pos_A_Z
720,1,0.630741,3D4G-pos_C_D
721,4,1.9566236000000001,3WN7-model-78-neg_A_Z
722,4,1.12555,1ACB-model-48-neg_A_Z
723,1,-0.587842,3BIW-pos_A_E
724,4,1.9509525,3PYY-model-51-neg_A_Z
725,2,-1.9040898000000002,1Q1L-model-3-pos_A_Z
726,3,0.07650566,2JOD-model-4-pos_A_Z
727,1,-1.8582581000000002,3GZR-model-1-pos_A_Z
728,4,0.6033019000000001,2QLP-model-8-neg_A_Z
729,2,-1.6385988999999999,3I2B-model-56-pos_A_Z
730,3,1.4757246000000002,2ZG6-model-40-pos_A_Z
731,1,-1.5223545,1F45-model-1-pos_A_Z
732,4,1.8953668000000001,2G2W-model-41-neg_A_Z
733,1,0.035605073,2P46-model-1-pos_A_Z
734,3,-0.18895268,3DA7-model-70-pos_A_Z
735,4,-0.5017115,1SHS-model-65-neg_A_Z
736,1,-0.021229506000000002,2VER-model-2-pos_A_Z
737,4,1.7151016,2YVS-model-80-neg_A_Z
738,4,1.8544979,2G2U-model-8-neg_A_Z
739,4,1.9508802,4LLO-model-92-neg_A_Z
740,1,-0.66932076,3TII-model-1-pos_A_Z
741,2,0.054881096,1SHW-model-13-pos_A_Z
742,4,1.8005023,2X9M-model-19-neg_A_Z
743,1,-0.8646976999999999,2P43-model-2-pos_A_Z
744,2,0.44868969999999997,3K25-model-38-pos_A_Z
745,4,0.9131113000000001,1XSQ-model-99-neg_A_Z
746,4,1.9423555000000001,2ZG6-model-41-neg_A_Z
747,3,0.47092259999999997,1J4U-model-96-pos_A_Z
748,1,-1.9025723,3EN0-model-1-pos_A_Z
749,3,0.631675,2OVI-model-51-pos_A_Z
750,1,1.3263235,1KXJ-pos_A_B
751,4,1.7594973000000003,3JUY-model-74-neg_A_Z
752,4,1.7859478,3Q9U-model-79-neg_A_Z
753,3,1.0121845999999999,3LM1-model-12-pos_A_Z
754,4,1.9558634,3JVZ-model-27-neg_A_Z
755,1,-1.5030675,1DJS-model-1-pos_A_Z
756,3,1.2055756000000002,3QFM-model-66-pos_A_Z
757,4,1.909091,2C9P-model-18-neg_A_Z
758,4,1.9396156000000002,3FD4-model-6-neg_A_Z
759,1,-1.0840484,3QC8-model-1-pos_A_Z
760,1,-1.7179266,1S98-model-1-pos_A_Z
761,1,-0.1732707,3EMJ-model-2-pos_A_Z
762,3,1.9330281000000002,3GNJ-model-100-pos_A_Z
763,4,1.9027005000000001,1YFN-model-90-neg_A_Z
764,4,1.4694512,3P83-model-20-neg_A_Z
765,4,1.4850881999999999,1FU5-model-48-neg_A_Z
766,4,1.9002294999999998,5JKE-model-31-neg_A_Z
767,4,1.6882052,3QHY-model-69-neg_A_Z
768,4,0.02143991,3DCA-model-67-neg_A_Z
769,1,0.53025234,3O34-pos_A_B
770,1,-1.8998576,3HQR-model-1-pos_A_Z
771,3,0.8267141,3H9G-model-49-pos_A_Z
772,4,1.8442609,1Y3C-model-75-neg_A_Z
773,2,-0.28203917,5JKE-model-5-pos_A_Z
774,3,-0.9405792,1R0K-model-23-pos_A_Z
775,3,0.9152534999999999,2Q81-model-24-pos_A_Z
776,4,1.9187285,3LHX-model-43-neg_A_Z
777,1,-1.3891613,1RZJ-model-1-pos_A_Z
778,3,0.032344937000000004,4AOR-model-50-pos_A_Z
779,2,1.5956388000000001,3K4W-model-27-pos_A_Z
780,4,1.9475787,4BQD-model-29-neg_A_Z
781,4,1.2945405,3BCW-model-100-neg_A_Z
782,4,1.8665185000000002,1KXJ-model-98-neg_A_Z
783,1,-1.1942972,1MAS-model-1-pos_A_Z
784,1,-1.9021451,3DCA-model-1-pos_A_Z
785,3,1.4128321000000001,3S9C-model-40-pos_A_Z
786,4,0.44351792,1AGQ-model-46-neg_A_Z
787,4,1.9305942999999999,3ZRZ-model-50-neg_A_Z
788,3,0.04793465,1T0H-model-8-pos_A_Z
789,1,-1.0252393,2ANE-model-1-pos_A_Z
790,4,1.9554139,1W1I-model-28-neg_A_Z
791,4,1.9388709,2HVB-model-99-neg_A_Z
792,2,-1.0547655,2R9P-model-3-pos_A_Z
793,3,0.9475161,3TSZ-model-11-pos_A_Z
794,1,-1.9176143,4J2Y-model-1-pos_A_Z
795,1,-1.7204926999999999,3BHD-model-1-pos_A_Z
796,4,1.9617428,2HJ1-model-29-neg_A_Z
797,4,1.9463564999999998,3V4P-model-30-neg_A_Z
798,4,1.6929165000000002,3BT1-model-17-neg_A_Z
799,3,0.5824734,1TZS-model-81-pos_A_Z
800,1,-1.7333657999999998,1T8U-model-1-pos_A_Z
801,4,1.894261,2P42-model-77-neg_A_Z
802,3,1.4983225,1F7Z-model-20-pos_A_Z
803,4,1.9284046000000001,2P48-model-91-neg_A_Z
804,4,1.9610575000000001,1TM3-model-53-neg_A_Z
805,4,0.030468702,2P6B-model-3-neg_A_Z
806,1,1.9199256999999998,1VGO-pos_A_B
807,4,1.0225294,1MR1-model-73-neg_A_Z
808,1,1.8251162,1HPU-model-2-pos_A_Z
809,4,1.9571398000000002,3QWQ-model-20-neg_A_Z
810,4,0.7694767,1ZJD-model-84-neg_A_Z
811,4,1.8010671999999999,3VPJ-model-39-neg_A_Z
812,4,1.8978252,1ARZ-model-95-neg_A_Z
813,3,-1.7072288,1F2U-model-2-pos_A_Z
814,3,0.02363789,4KBB-model-16-pos_A_Z
815,4,1.9233164,1OS2-model-100-neg_A_Z
816,4,1.7768157,3HPN-model-26-neg_A_Z
817,1,-1.9172733,2R5O-model-1-pos_A_Z
818,3,1.3261998,1UM2-model-61-pos_A_Z
819,1,-1.1008132,1ML0-model-16-pos_A_Z
820,4,1.8305240000000003,3DGP-model-9-neg_A_Z
821,4,1.9498286,2PKG-model-91-neg_A_Z
822,1,-1.8632548999999998,2HL3-model-1-pos_A_Z
823,4,1.9543186000000001,1SHW-model-40-neg_A_Z
824,4,0.76645863,1LK6-model-14-neg_A_Z
825,3,1.072972,1YFN-model-97-pos_A_Z
826,1,-1.5517169,1KAC-model-1-pos_A_Z
827,1,-1.6326152,3DSN-model-1-pos_A_Z
828,1,1.1864151,1MK9-model-2-pos_A_Z
829,3,1.7949271,1DML-model-99-pos_A_Z
830,4,1.1557243000000001,1C9P-model-82-neg_A_Z
831,4,1.7637748,3OZB-model-51-neg_A_Z
832,3,-0.27839518,2A0S-model-25-pos_A_Z
833,4,1.9173125,4KRL-model-7-neg_A_Z
834,3,-1.1595273000000001,1XV2-model-50-pos_A_Z
835,4,0.9888540000000001,1KL8-model-8-neg_A_Z
836,2,0.00080537796,1TAW-model-20-pos_A_Z
837,1,-1.8770016,2HQL-model-1-pos_A_Z
838,4,1.5932583,1F37-model-67-neg_A_Z
839,1,-1.7171421999999998,2WAM-model-2-pos_A_Z
840,4,1.92777,1C3X-model-97-neg_A_Z
841,4,1.2659816000000002,1SCE-model-29-neg_A_Z
842,1,-0.059432387,3RDZ-model-1-pos_A_Z
843,4,1.9458115000000002,2P44-model-91-neg_A_Z
844,4,1.9647048999999999,2HEY-model-72-neg_A_Z
845,3,0.0012431145,1TM4-model-93-pos_A_Z
846,3,0.7888703,1ARZ-model-24-pos_A_Z
847,4,1.9401164,1SMO-model-83-neg_A_Z
848,4,1.9187596999999998,4LQW-model-52-neg_A_Z
849,4,1.8464907,1L4Z-model-26-neg_A_Z
850,1,1.0131189,1PVH-model-1-pos_A_Z
851,1,-1.8926337,1G60-model-1-pos_A_Z
852,4,1.9613681,2IQH-model-9-neg_A_Z
853,3,1.2771708000000002,1Q8M-model-7-pos_A_Z
854,4,1.9602433000000001,1BRS-model-68-neg_A_Z
855,4,1.6461398999999997,1Q5H-model-51-neg_A_Z
856,3,0.671632,2ZVW-model-10-pos_A_Z
857,4,1.7679421000000002,2X89-model-83-neg_A_Z
858,4,1.9514295,1F5R-model-77-neg_A_Z
859,1,0.34368706,1P9U-model-3-pos_A_Z
860,1,0.8542094000000001,3BN3-model-3-pos_A_Z
861,1,-1.4163002,3K9M-model-1-pos_A_Z
862,4,1.5697694,4AOR-model-65-neg_A_Z
863,2,-1.0075969999999999,2DPF-model-2-pos_A_Z
864,4,1.9391695,4LYL-model-86-neg_A_Z
865,4,1.9371506999999997,4CMM-model-5-neg_A_Z
866,3,0.2660011,4AFZ-model-34-pos_A_Z
867,1,-0.54500985,1VZY-model-1-pos_A_Z
868,4,1.6609981,2B3Z-model-99-neg_A_Z
869,1,-0.71546435,2W2N-model-3-pos_A_Z
870,2,-0.017086983,1TM5-model-9-pos_A_Z
871,4,0.55399907,2VE6-model-20-neg_A_Z
872,4,1.8976984000000001,3B08-model-28-neg_A_Z
873,4,1.9402887,3AFF-model-61-neg_A_Z
874,3,0.9646290000000001,3FJS-model-24-pos_A_Z
875,1,-0.836525,1YY9-pos_A_D
876,3,-1.1275908000000001,1X1U-model-3-pos_A_Z
877,4,1.9431658,2Z8M-model-91-neg_A_Z
878,1,-1.8185551,1JIW-model-1-pos_A_Z
879,4,1.5012798,4EIG-model-92-neg_A_Z
880,2,-1.9118363999999999,3O9L-model-2-pos_A_Z
881,2,0.5178088,2A6P-model-17-pos_A_Z
882,1,-0.00042295456,1A79-model-2-pos_A_Z
883,4,1.8988878,5D3I-model-71-neg_A_Z
884,3,0.11479449,3PRP-model-6-pos_A_Z
885,4,1.7538682,3CEW-model-51-neg_A_Z
886,1,-0.6839124,1Z5Y-model-1-pos_A_Z
887,2,0.18804431,2A2L-model-3-pos_A_Z
888,1,-1.7609061999999998,1R0R-model-1-pos_A_Z
889,4,1.9504279999999998,2TGP-model-78-neg_A_Z
890,3,-0.75551486,4G6U-model-12-pos_A_Z
891,4,1.7438223000000002,3P8B-model-71-neg_A_Z
892,1,-0.03111124,2IJ0-model-1-pos_A_Z
893,1,1.918238,1W1I-model-17-pos_A_Z
894,1,-1.6284584,3PIG-model-1-pos_A_Z
895,4,1.0834138,2PNH-model-25-neg_A_Z
896,2,-0.8859041999999999,4NZW-model-44-pos_A_Z
897,4,1.4865591999999999,1DEV-model-99-neg_A_Z
898,2,-0.022043943,4CDK-model-2-pos_A_Z
899,4,1.6630610000000001,1EZI-model-88-neg_A_Z
900,4,1.9175912,2YYS-model-99-neg_A_Z
901,4,1.9460515,4U30-model-61-neg_A_Z
902,2,-1.4709988999999999,3EDP-model-5-pos_A_Z
903,1,-1.7961241999999997,2P5X-model-1-pos_A_Z
904,4,1.9615988999999998,3SLH-model-35-neg_A_Z
905,1,-1.5696986000000002,1SCE-model-1-pos_A_Z
906,4,0.8617826999999999,2HD3-model-45-neg_A_Z
907,3,0.99357957,1OX9-model-22-pos_A_Z
908,4,1.8320258000000003,2DSP-model-77-neg_A_Z
909,4,1.3178651000000001,1JIW-model-17-neg_A_Z
910,4,1.0902254999999998,2ZCK-model-29-neg_A_Z
911,3,-0.99146146,3WN7-model-19-pos_A_Z
912,3,1.8839153999999998,3V96-model-7-pos_A_Z
913,2,-1.7315568,3OKJ-model-2-pos_A_Z
914,2,0.03931296,3Q9U-model-2-pos_A_Z
915,4,1.9475356,2RA3-model-84-neg_A_Z
916,2,-1.8239584999999998,1Y4D-model-2-pos_A_Z
917,3,0.022116900000000002,1F37-model-2-pos_A_Z
918,4,1.4429739,2P4R-model-12-neg_A_Z
919,4,-0.24611235,1DB2-model-73-neg_A_Z
920,3,0.30613172,3EYD-model-7-pos_A_Z
921,2,-1.4481239,3BTV-model-3-pos_A_Z
922,1,-1.6375567,4WEN-model-1-pos_A_Z
923,4,1.7762744,1RY7-model-27-neg_A_Z
924,2,-0.90603304,1CGI-model-7-pos_A_Z
925,4,1.9461370999999998,3AXY-model-55-neg_A_Z
926,4,1.5742295,1NQL-model-9-neg_A_Z
927,1,0.9049921999999999,5IOH-model-1-pos_A_Z
928,4,1.9414878,3JZA-model-62-neg_A_Z
929,4,1.9219692,5D1L-model-12-neg_A_Z
930,1,-1.8714252,3SM1-model-1-pos_A_Z
931,4,1.5273995,2Q81-model-76-neg_A_Z
932,4,0.69274575,1HBT-model-14-neg_A_Z
933,1,-1.8709022000000002,2TGP-model-2-pos_A_Z
934,4,1.8717959,2V52-model-77-neg_A_Z
935,4,1.8277427,2P4Z-model-23-neg_A_Z
936,4,1.6466078999999998,1S4C-model-46-neg_A_Z
937,4,0.5281544,5G1X-model-26-neg_A_Z
938,4,1.4877032,2PO2-model-24-neg_A_Z
939,1,-1.9049805,3CAM-model-1-pos_A_Z
940,1,-1.8267776000000002,4CMM-model-1-pos_A_Z
941,1,0.022274852,1C3X-model-1-pos_A_Z
942,4,0.82554495,3JRQ-model-60-neg_A_Z
943,2,-1.4335558000000002,2C7E-model-2-pos_A_Z
944,4,1.9495395,3PPE-model-47-neg_A_Z
945,4,1.9084811999999998,2PQS-model-90-neg_A_Z
946,1,-1.0242921,1MZW-model-1-pos_A_Z
947,3,1.588376,3OJM-model-91-pos_A_Z
948,1,-0.08450508,2HTB-pos_C_D
949,1,0.83810323,1JNP-pos_A_B
950,4,1.9500501000000001,4NZL-model-90-neg_A_Z
951,4,1.9487096000000002,3QFM-model-93-neg_A_Z
952,1,-1.9032653999999998,2PQV-model-1-pos_A_Z
953,4,1.6456866,4BD9-model-9-neg_A_Z
954,1,-0.3749615,2XTJ-model-2-pos_A_Z
955,4,0.11153996,1R9N-model-51-neg_A_Z
956,4,1.7357178,3TL8-model-23-neg_A_Z
957,3,-1.4500688,3BWU-model-16-pos_A_Z
958,2,1.0747098999999998,3PGA-model-6-pos_A_Z
959,4,1.2593648000000002,3MAL-model-19-neg_A_Z
960,3,0.7208588,1WDX-model-32-pos_A_Z
961,4,1.9529337,3N4I-model-90-neg_A_Z
962,4,1.4266545,1PVH-model-15-neg_A_Z
963,4,1.8661417000000002,4FZA-model-71-neg_A_Z
964,1,-1.7388785,1LDT-model-1-pos_A_Z
965,4,1.4249386,4AYI-model-65-neg_A_Z
966,1,-1.8115246999999999,1PBI-model-1-pos_A_Z
967,4,1.4826431999999998,2OIN-model-86-neg_A_Z
968,4,0.7455908,1BJR-model-29-neg_A_Z
969,4,1.5273515,1OSM-model-73-neg_A_Z
970,1,-1.8690088,4LYL-model-1-pos_A_Z
971,2,0.70348245,5JLV-model-68-pos_A_Z
972,4,1.9149135,2H5K-model-15-neg_A_Z
973,1,-1.8350403000000002,2GEF-model-1-pos_A_Z
974,1,0.35319865,3QWQ-model-5-pos_A_Z
975,1,-1.8015531999999999,2FDB-model-1-pos_A_Z
976,1,-1.6541417,4WEM-model-1-pos_A_Z
977,1,0.0141893625,3M5O-model-1-pos_A_Z
978,4,0.05618584,2JG8-model-3-neg_A_Z
979,3,1.292999,1NQ9-model-92-pos_A_Z
980,4,1.0018642,1ZH8-model-10-neg_A_Z
981,1,-1.294491,3OSL-model-1-pos_A_Z
982,4,1.492882,2HAX-model-26-neg_A_Z
983,4,1.9185787,3D1M-model-84-neg_A_Z
984,1,-0.28682852,4QZV-model-3-pos_A_Z
985,4,0.3843801,2DOI-model-2-neg_A_Z
986,2,-1.8848281000000002,1UHE-model-5-pos_A_Z
987,3,0.09738505,3C0B-model-83-pos_A_Z
988,4,1.9565749,2P43-model-28-neg_A_Z
989,4,1.9473008,2CH8-model-21-neg_A_Z
990,3,0.52993107,5F3X-model-66-pos_A_Z
991,4,-0.016119123,3BGL-model-9-neg_A_Z
992,4,1.3978302,1O9Y-model-8-neg_A_Z
993,4,1.9462526999999998,1IGU-model-28-neg_A_Z
994,1,-0.10544753,2AQX-model-1-pos_A_Z
995,3,1.9416008999999999,4IOP-model-89-pos_A_Z
996,2,0.93522334,1SHY-model-59-pos_A_Z
997,3,1.7992443,1LW6-model-99-pos_A_Z
998,1,0.13735592,3C7T-model-3-pos_A_Z
999,4,1.9308912,3CHW-model-84-neg_A_Z
1000,1,1.4378731000000002,2PUY-model-1-pos_A_Z
1001,1,0.46303642,3AXY-model-5-pos_A_Z
1002,1,-1.8824637999999998,1XWD-model-1-pos_A_Z
1003,1,-1.8926543000000002,3CEW-model-1-pos_A_Z
1004,1,1.8687174,1JFM-pos_E_D
1005,4,0.8301508,1F7Z-model-36-neg_A_Z
1006,4,1.8631369,3BIW-model-17-neg_A_Z
1007,3,1.2499438999999999,2QBX-model-80-pos_A_Z
1008,1,-1.8137773999999998,4AYD-model-1-pos_A_Z
1009,4,1.5596436000000002,2WQ4-model-31-neg_A_Z
1010,4,0.94311017,2BUJ-model-9-neg_A_Z
1011,1,-0.07955527,1L4Z-model-2-pos_A_Z
1012,4,1.8825401999999998,1AVX-model-78-neg_A_Z
1013,1,0.010641813,1NQL-model-2-pos_A_Z
1014,4,1.8740646,3TDM-model-87-neg_A_Z
1015,1,-1.831907,1IYJ-model-1-pos_A_Z
1016,2,1.865559,3HN6-model-34-pos_A_Z
1017,2,-0.75573325,1WQJ-model-4-pos_A_Z
1018,4,1.954798,3GMW-model-49-neg_A_Z
1019,3,0.25939846,4B1X-model-34-pos_A_Z
1020,4,0.7861771,3CJX-model-35-neg_A_Z
1021,4,0.90151346,2GEF-model-8-neg_A_Z
1022,4,1.8735181,1X1Y-model-37-neg_A_Z
1023,4,1.9606643,3BWU-model-17-neg_A_Z
1024,4,1.9423147,3EN0-model-64-neg_A_Z
1025,1,-1.8489923,1L0A-model-1-pos_A_Z
1026,3,1.914708,3GZ8-model-36-pos_A_Z
1027,1,0.046019673,3SJ9-model-1-pos_A_Z
1028,4,1.9351493999999998,3AJY-model-10-neg_A_Z
1029,3,0.8173139,3NEK-model-83-pos_A_Z
1030,4,1.038943,3ECY-model-12-neg_A_Z
1031,4,1.9526058000000002,1CGI-model-16-neg_A_Z
1032,4,1.8692936999999998,1BPO-model-19-neg_A_Z
1033,4,1.9669428,2QC1-model-17-neg_A_Z
1034,2,-1.2194581,1WOQ-model-2-pos_A_Z
1035,1,-1.5734575000000002,3LHX-model-1-pos_A_Z
1036,4,1.9408978,1FY8-model-10-neg_A_Z
1037,4,1.6681104,2IO1-model-44-neg_A_Z
1038,3,1.1084812,1HAA-model-7-pos_A_Z
1039,1,-1.8041431,2AXW-model-1-pos_A_Z
1040,3,0.87700844,1UDI-model-81-pos_A_Z
1041,1,-1.8018076,3QNA-model-1-pos_A_Z
1042,1,-1.7006698,1DFJ-model-1-pos_A_Z
1043,2,-1.2452183000000001,1ZJD-model-4-pos_A_Z
1044,4,1.8611145,4IOP-model-49-neg_A_Z
1045,3,-0.39967167,1NU9-model-10-pos_A_Z
1046,4,1.9259578999999998,4AYD-model-79-neg_A_Z
1047,4,1.8528055,4CJ0-model-49-neg_A_Z
1048,4,1.4991835,1DLE-model-17-neg_A_Z
1049,4,0.9488819,2FDB-model-74-neg_A_Z
1050,1,-1.158333,3UZP-model-2-pos_A_Z
1051,4,0.5788504,2KAI-model-45-neg_A_Z
1052,3,1.4858255,2GT2-model-66-pos_A_Z
1053,4,1.948116,1INN-model-17-neg_A_Z
1054,4,1.1988791,1DN2-model-55-neg_A_Z
1055,2,-1.8792978999999999,4AFQ-model-3-pos_A_Z
1056,4,1.4475103999999999,2R0K-model-66-neg_A_Z
1057,4,1.7362838,1AHS-model-68-neg_A_Z
1058,3,0.010248899,1ZH8-model-6-pos_A_Z
1059,1,-1.7707113,1QB3-model-1-pos_A_Z
1060,4,1.9475895,1Q8M-model-27-neg_A_Z
1061,4,1.8812604,3ME4-model-10-neg_A_Z
1062,3,1.8471942,4B1V-model-9-pos_A_Z
1063,1,-1.9020967,2V52-model-1-pos_A_Z
1064,3,-0.08602071,2X89-model-17-pos_A_Z
1065,3,0.5698786,1ICF-model-51-pos_A_Z
1066,4,1.9493083999999998,1RZJ-model-10-neg_A_Z
1067,4,1.6966369,2DP4-model-22-neg_A_Z
1068,2,0.055637597999999996,3HLN-model-6-pos_A_Z
1069,3,0.04878235,2QW7-model-6-pos_A_Z
1070,4,0.49623132,2XFG-model-26-neg_A_Z
1071,4,1.9225177,2HQL-model-6-neg_A_Z
1072,4,1.035887,4TQ0-model-48-neg_A_Z
1073,4,1.9133303,4B1Y-model-4-neg_A_Z
1074,3,0.025212765,1P3H-model-56-pos_A_Z
1075,4,1.4634433,3F5N-model-18-neg_A_Z
1076,2,1.0589302,2GS7-model-3-pos_A_Z
1077,4,1.9517282999999999,3NTQ-model-83-neg_A_Z
1078,4,1.9553826,2ZNV-model-70-neg_A_Z
1079,2,-1.7648403999999998,3AOG-model-4-pos_A_Z
1080,4,1.9480394,1ICF-model-36-neg_A_Z
1081,4,1.0811473999999999,2EWN-model-98-neg_A_Z
1082,1,-1.2199464,1UUG-model-1-pos_A_Z
1083,1,-1.2825696000000002,2Z7F-model-1-pos_A_Z
1084,4,1.9575026000000002,4PQT-model-57-neg_A_Z
1085,1,-1.3388146,2CH8-model-1-pos_A_Z
1086,4,1.9440422999999998,1T7P-model-31-neg_A_Z
1087,4,0.85482574,1P9U-model-60-neg_A_Z
1088,1,-1.3454785,5G1X-model-1-pos_A_Z
1089,1,-1.6482894000000001,1E5Q-model-1-pos_A_Z
1090,1,-1.8177232,2SIC-model-1-pos_A_Z
1091,4,1.5256573999999998,2IWO-model-61-neg_A_Z
1092,1,-1.8492315,1WZ3-model-1-pos_A_Z
1093,4,1.7920208,4HDO-model-49-neg_A_Z
1094,4,1.8626453,3BFW-model-47-neg_A_Z
1095,1,-1.7660773999999997,1FY8-model-1-pos_A_Z
1096,4,1.6476623,2D1P-model-42-neg_A_Z
1097,4,1.9491664,2IDO-model-85-neg_A_Z
1098,3,0.7339343,3GZE-model-61-pos_A_Z
1099,1,-1.8315758000000002,1LK6-model-2-pos_A_Z
1100,4,1.9585124,2AXW-model-2-neg_A_Z
1101,2,0.7200459,2C9P-model-25-pos_A_Z
1102,4,1.9186431000000002,2VPM-model-9-neg_A_Z
1103,4,0.60997975,4XXB-model-5-neg_A_Z
1104,1,0.7542827,1ZCP-pos_A_B
1105,1,-1.3566916,2P42-model-1-pos_A_Z
1106,4,0.67481244,3GZR-model-59-neg_A_Z
1107,4,1.1231349,1SUW-model-70-neg_A_Z
1108,2,-1.4171606,2GHV-model-2-pos_A_Z
1109,2,0.39937806,4ZQK-model-6-pos_A_Z
1110,1,-1.8301599999999998,1Y3C-model-1-pos_A_Z
1111,4,1.6194125,3BRC-model-64-neg_A_Z
1112,3,1.3991086000000001,2ZA4-model-8-pos_A_Z
1113,4,1.9305291,3E05-model-13-neg_A_Z
1114,4,1.1074471000000001,3H8D-model-5-neg_A_Z
1115,1,-1.8924421999999999,3JVZ-model-1-pos_A_Z
1116,4,1.2886908000000001,1PPE-model-51-neg_A_Z
1117,1,0.6431720000000001,3C8I-model-1-pos_A_Z
1118,4,1.9440273999999997,4YN0-model-3-neg_A_Z
1119,2,-1.3013395,2D1P-model-2-pos_A_Z
1120,1,0.9981005,1UE7-model-2-pos_A_Z
1121,2,-1.0814885,2WO3-model-2-pos_A_Z
1122,4,0.65465295,3GZE-model-28-neg_A_Z
1123,4,1.9530506,3U1O-model-2-neg_A_Z
1124,1,-1.6534394000000001,3E9M-model-1-pos_A_Z
1125,3,1.3772826999999999,3BRC-model-29-pos_A_Z
1126,1,-1.8140626,2H1T-model-1-pos_A_Z
1127,4,0.5799316,1MBY-model-17-neg_A_Z
1128,4,1.2829049,3AHS-model-13-neg_A_Z
1129,4,1.7323859000000001,1K88-model-83-neg_A_Z
1130,1,-1.8737773999999998,3ENT-model-1-pos_A_Z
1131,3,1.3900549999999998,3Q9N-model-70-pos_A_Z
1132,1,-1.6816679,2NN3-model-1-pos_A_Z
1133,1,-1.2142761,3FG8-model-2-pos_A_Z
1134,3,-0.11374389999999998,2OYA-model-8-pos_A_Z
1135,4,1.8335433999999997,4QZV-model-34-neg_A_Z
1136,3,-1.6410712,1VS3-model-6-pos_A_Z
1137,1,-1.8002417000000002,3GQH-model-1-pos_A_Z
1138,2,0.6002995,2QLC-model-25-pos_A_Z
1139,4,1.953916,3N6Q-model-74-neg_A_Z
1140,4,1.6568421999999998,4GH7-model-6-neg_A_Z
1141,3,-1.0768578000000002,3E2L-model-5-pos_A_Z
1142,2,0.12341559,3F74-model-18-pos_A_Z
1143,1,-1.8904778000000002,3TQY-pos_A_B
1144,4,1.8069898000000002,2PTC-model-93-neg_A_Z
1145,3,-1.4060748,3KY8-model-67-pos_A_Z
1146,4,1.9255528000000002,3KW5-model-8-neg_A_Z
1147,4,1.9574729,2WG4-model-23-neg_A_Z
1148,1,-1.6611718999999998,2J12-model-1-pos_A_Z
1149,1,-1.5715693000000002,1IGU-model-1-pos_A_Z
1150,4,0.14011955,3EYD-model-10-neg_A_Z
1151,2,-0.15385067,3S5B-model-18-pos_A_Z
1152,4,1.2926233,3EHU-model-84-neg_A_Z
1153,1,-1.7261297999999998,1KXP-model-1-pos_A_Z
1154,4,1.5866850000000001,1I07-model-76-neg_A_Z
1155,1,-1.7770727,2R2C-model-1-pos_A_Z
1156,4,1.9386284,1JFM-model-20-neg_A_Z
1157,1,0.036437273,4YN0-model-7-pos_A_Z
1158,4,1.9623859000000001,1U20-model-36-neg_A_Z
1159,3,0.5498849,3Q87-model-52-pos_A_Z
1160,1,-1.9181814,1EPT-model-1-pos_A_Z
1161,1,-0.12172532,1UP6-model-3-pos_A_Z
1162,4,1.6327752,1XPJ-model-9-neg_A_Z
1163,4,1.8642633000000002,1TO1-model-79-neg_A_Z
1164,4,1.8163493000000002,4ZQU-model-45-neg_A_Z
1165,4,1.9473837999999999,1TM5-model-2-neg_A_Z
1166,4,1.9393486,3KY8-model-90-neg_A_Z
1167,4,1.7674088,2BMA-model-14-neg_A_Z
1168,2,-0.0011900663000000001,4APF-model-15-pos_A_Z
1169,2,0.58930016,3MAL-model-3-pos_A_Z
1170,4,1.2459159,3ML6-model-2-neg_A_Z
1171,4,1.78827,1UAN-model-45-neg_A_Z
1172,3,1.9525626,2CCL-model-29-pos_A_Z
1173,4,1.8919313999999998,3C7T-model-66-neg_A_Z
1174,1,-1.2406381000000002,2IWO-model-2-pos_A_Z
1175,4,1.9384168000000002,1KXP-model-4-neg_A_Z
1176,1,0.99888813,3NGB-pos_E_G
1177,3,-1.7803161,1OMO-model-3-pos_A_Z
1178,4,1.5801936,3E2K-model-99-neg_A_Z
1179,1,-1.7127645,4JW3-model-1-pos_A_Z
1180,2,-1.750303,1XSQ-model-2-pos_A_Z
1181,2,-1.8923603,2H3N-model-7-pos_A_Z
1182,4,1.8268521,2GHV-model-59-neg_A_Z
1183,3,1.8481187,2DP4-model-3-pos_A_Z
1184,3,0.09671389999999999,1JZO-model-50-pos_A_Z
1185,2,-1.6688358,3AFF-model-5-pos_A_Z
1186,4,1.3192902,2QF3-model-18-neg_A_Z
1187,4,1.9329951,2IJ0-model-79-neg_A_Z
1188,4,-1.0325886,2W1T-model-3-neg_A_Z
1189,4,1.5988578000000002,3QNA-model-91-neg_A_Z
1190,4,1.9522561,3KDG-model-58-neg_A_Z
1191,4,1.9196608,2Q7N-model-22-neg_A_Z
1192,1,-1.8911745999999998,3HT2-model-1-pos_A_Z
1193,4,1.9509734,3HO5-model-30-neg_A_Z
1194,4,1.9379522,2AQX-model-32-neg_A_Z
1195,4,1.9256793,2QBW-model-92-neg_A_Z
1196,4,1.3874396,3NPG-model-57-neg_A_Z
1197,3,1.2573397,1GL0-model-15-pos_A_Z
1198,3,-1.8229127,1XPJ-model-2-pos_A_Z
1199,1,-1.8006058,1Y1K-model-1-pos_A_Z
1200,3,1.0188122,2IO1-model-20-pos_A_Z
1201,4,1.5732367,2K2S-model-99-neg_A_Z
1202,4,1.8969933,4AYE-model-12-neg_A_Z
1203,1,-1.5214016000000001,1VG9-model-1-pos_A_Z
1204,4,1.7268529,2GHW-model-75-neg_A_Z
1205,4,0.0072005987,2X53-model-44-neg_A_Z
1206,3,0.9846786,3VPJ-model-23-pos_A_Z
1207,4,1.9193668000000002,3FPU-model-6-neg_A_Z
1208,4,1.1377304,3O34-model-83-neg_A_Z
1209,4,1.2562318000000001,2GQS-model-24-neg_A_Z
1210,4,1.7949641,1I4O-model-81-neg_A_Z
1211,1,-0.347342,3M85-model-34-pos_A_Z
1212,4,1.9477233,1YCS-model-85-neg_A_Z
1213,4,1.0149527,3WA5-model-65-neg_A_Z
1214,4,1.6872922,3OJ2-model-5-neg_A_Z
1215,1,-1.8188475,4NZL-model-1-pos_A_Z
1216,4,1.9404968,2DOH-model-68-neg_A_Z
1217,1,-1.7934593,3ECY-pos_A_B
1218,4,1.9446001,2AZN-model-53-neg_A_Z
1219,3,0.61875343,3ZRZ-model-4-pos_A_Z
1220,4,1.7251300999999999,3CG8-model-57-neg_A_Z
1221,1,-1.8828484,1O9Y-model-1-pos_A_Z
1222,1,-1.4788983,2G6V-model-1-pos_A_Z
1223,3,-1.5335809999999999,3E1Z-model-8-pos_A_Z
1224,4,1.8828577000000002,1T0H-model-13-neg_A_Z
1225,4,1.9359145,1Y48-model-77-neg_A_Z
1226,4,1.8697476000000002,1IYJ-model-22-neg_A_Z
1227,2,-1.892798,2BMA-model-6-pos_A_Z
1228,3,0.8284939,1U20-model-8-pos_A_Z
1229,1,-1.8633276,3HTR-model-1-pos_A_Z
1230,4,1.9382085,2Z7X-model-51-neg_A_Z
1231,1,0.28101242,1AK4-model-85-pos_A_Z
1232,4,1.4833,3U4J-model-9-neg_A_Z
1233,4,1.9078103,4AG2-model-46-neg_A_Z
1234,4,1.4720173,4CPA-model-26-neg_A_Z
1235,1,0.87458485,3HMK-model-1-pos_A_Z
1236,4,1.8204278999999999,1Y34-model-67-neg_A_Z
1237,4,1.9096793,2WO3-model-9-neg_A_Z
1238,4,1.7866932,1VGO-model-57-neg_A_Z
1239,4,1.9552494999999999,2I5G-model-74-neg_A_Z
1240,4,1.9520433000000001,3S5B-model-22-neg_A_Z
1241,4,1.9585321,3C0B-model-67-neg_A_Z
1242,3,1.244869,2F2F-model-68-pos_A_Z
1243,4,1.9353358,1ML0-model-44-neg_A_Z
1244,1,-1.8381569,1OSM-model-1-pos_A_Z
1245,1,-1.5181956,2QLP-model-1-pos_A_Z
1246,1,-1.8810807,1Q9U-model-1-pos_A_Z
1247,4,1.9461398,1JZO-model-60-neg_A_Z
1248,4,1.9257422999999998,2P47-model-86-neg_A_Z
1249,4,0.5694593000000001,3S9C-model-84-neg_A_Z
1250,1,-1.1823037,3MZW-model-1-pos_A_Z
1251,3,0.1687845,1S4C-model-19-pos_A_Z
1252,1,-1.4559791000000002,3ML6-model-1-pos_A_Z
1253,4,1.5926765,3C4O-model-11-neg_A_Z
1254,4,0.54561734,3NEK-model-29-neg_A_Z
1255,4,1.0078421,1YC6-model-48-neg_A_Z
1256,4,1.4840416,3DQQ-model-30-neg_A_Z
1257,3,0.8560242,1GCQ-model-58-pos_A_Z
1258,4,1.9472129,3HT2-model-72-neg_A_Z
1259,4,1.61355,3FLP-model-21-neg_A_Z
1260,3,0.9196823000000001,3A1P-model-5-pos_A_Z
1261,1,-1.7522805000000001,2CE8-model-2-pos_A_Z
1262,3,0.06969762,2P4R-model-4-pos_A_Z
1263,4,1.8848509999999998,5HPK-model-73-neg_A_Z
1264,4,1.1881883,1EPT-model-2-neg_A_Z
1265,4,1.8669894,3EPZ-model-28-neg_A_Z
1266,4,1.280158,4YEB-model-56-neg_A_Z
1267,3,0.23112679,2OIN-model-97-pos_A_Z
1268,4,1.9418756000000001,3HCG-model-70-neg_A_Z
1269,4,1.934521,3HLN-model-86-neg_A_Z
1270,4,1.9288298,4POU-model-26-neg_A_Z
1271,4,1.9576346000000002,2P5X-model-63-neg_A_Z
1272,3,1.3940768,3E05-model-41-pos_A_Z
1273,1,-1.8798125,1XUA-model-1-pos_A_Z
1274,4,1.7994983,4DGE-model-28-neg_A_Z
1275,4,1.795567,2BE1-model-49-neg_A_Z
1276,1,-1.6797909,2DYM-model-1-pos_A_Z
1277,4,1.8768113000000002,2R2C-model-28-neg_A_Z
1278,4,1.9208237000000001,2CO6-model-27-neg_A_Z
1279,2,-0.32664309999999996,3E2K-model-19-pos_A_Z
1280,3,1.2197688,3BFW-model-64-pos_A_Z
1281,4,0.24917436,1E8N-model-58-neg_A_Z
1282,2,-1.3151016000000002,2XFG-model-3-pos_A_Z
1283,4,1.8939099,3QJ7-model-63-neg_A_Z
1284,4,1.9385678,1VS3-model-23-neg_A_Z
1285,3,-1.7847807,3B6P-model-2-pos_A_Z
1286,4,1.9316058999999997,3BCP-model-82-neg_A_Z
1287,4,0.84321254,3WDG-model-17-neg_A_Z
1288,4,1.8162011000000002,3MJ9-model-2-neg_A_Z
1289,1,-0.6409693000000001,2DOI-model-1-pos_A_Z
1290,1,-0.5514513000000001,3QSK-model-1-pos_A_Z
1291,3,0.040630817,4AYI-model-5-pos_A_Z
1292,4,1.7323279999999999,1X1X-model-59-neg_A_Z
1293,4,1.8111708999999998,4M5F-model-35-neg_A_Z
1294,4,1.1565246999999999,1ATN-model-8-neg_A_Z
1295,4,1.3933076000000002,3GZ8-model-42-neg_A_Z
1296,4,1.86785,3K25-model-78-neg_A_Z
1297,3,1.9579833,3FYF-model-92-pos_A_Z
1298,4,1.9425546999999999,1YBG-model-2-neg_A_Z
1299,1,-1.8938918000000002,2EVV-model-1-pos_A_Z
1300,4,1.7804714,4NSO-model-62-neg_A_Z
1301,1,-1.7809436,3U4J-model-3-pos_A_Z
1302,3,0.8949005999999999,3BRD-model-15-pos_A_Z
1303,1,-0.24044394,3V4P-pos_B_H
1304,4,1.9008154,2GD4-model-20-neg_A_Z
1305,4,1.5313367,2VJF-model-22-neg_A_Z
1306,1,-1.8679485,2HAX-model-1-pos_A_Z
1307,4,1.9472393,1S1Q-model-86-neg_A_Z
1308,1,0.08637881,4V0N-model-10-pos_A_Z
1309,1,-1.8225356,2YVS-model-1-pos_A_Z
1310,4,1.9506251000000001,1T0P-model-22-neg_A_Z
1311,1,-1.2838786,3U02-model-2-pos_A_Z
1312,1,-1.8556505,1BRS-model-1-pos_A_Z
1313,1,0.035280942999999995,4DGE-model-1-pos_A_Z
1314,1,-1.8267536,2W0C-model-2-pos_A_Z
1315,1,-1.8731278999999998,3L2H-model-1-pos_A_Z
1316,1,-0.4599887,3ME4-model-1-pos_A_Z
1317,4,0.88320166,5B77-model-10-neg_A_Z
1318,2,-1.6483159,3GRW-model-42-pos_A_Z
1319,4,1.9132924,3OLM-model-22-neg_A_Z
1320,2,0.7556449000000001,4A94-model-19-pos_A_Z
1321,4,0.9297382,1YVB-model-75-neg_A_Z
1322,1,-1.7671368000000003,4BD9-model-1-pos_A_Z
1323,4,1.9017779,4XL5-model-67-neg_A_Z
1324,4,1.8086650000000002,2I7R-model-88-neg_A_Z
1325,4,1.825925,1KAC-model-8-neg_A_Z
1326,1,-1.8792931,4EQA-model-1-pos_A_Z
1327,4,1.559992,2GT2-model-62-neg_A_Z
1328,4,1.4418683,3FJS-model-88-neg_A_Z
1329,4,1.9318650000000002,1CQ3-model-32-neg_A_Z
1330,4,1.8602935,1FGL-model-65-neg_A_Z
1331,3,-1.5634332,2Z8M-model-12-pos_A_Z
1332,2,-0.027425527999999998,3B01-model-95-pos_A_Z
1333,4,1.6385009999999998,3TII-model-7-neg_A_Z
1334,1,-1.8102663,3P71-model-1-pos_A_Z
1335,4,1.1960772,2JJT-model-50-neg_A_Z
1336,4,1.0391247,1Z3G-model-26-neg_A_Z
1337,2,-1.2894005,2SNI-model-2-pos_A_Z
1338,4,1.9299635,3I5V-model-53-neg_A_Z
1339,1,-1.1243153000000001,3OZB-model-1-pos_A_Z
1340,4,1.1130421,1C9T-model-59-neg_A_Z
1341,4,1.9643586,2XB6-model-50-neg_A_Z
1342,4,-0.031605244,2DYM-model-28-neg_A_Z
1343,1,-1.1454537,2WVT-model-1-pos_A_Z
1344,3,0.785926,1YLQ-model-46-pos_A_Z
1345,4,1.0032682,3GQH-model-11-neg_A_Z
1346,4,1.9560912,1XUA-model-78-neg_A_Z
1347,4,1.9525113,2DUP-model-45-neg_A_Z
1348,4,1.1037997,2YCH-model-63-neg_A_Z
1349,1,-1.9219728999999999,3HF5-model-1-pos_A_Z
1350,4,1.1708834,3V5N-model-100-neg_A_Z
1351,4,1.8221756000000002,1R7A-model-6-neg_A_Z
1352,2,1.464293,3U1O-model-1-pos_A_Z
1353,4,1.2639806,1ERN-model-16-neg_A_Z
1354,4,1.9405491000000001,3DSN-model-66-neg_A_Z
1355,4,1.8983674,4V0N-model-92-neg_A_Z
1356,0,-1.323015809059143,3TU3_A_B
1357,0,-1.4349071979522705,1GL0_E_I
1358,0,-1.8791356086730957,1OSM_C_B
1359,0,0.7410538196563721,2VE6_A_D
1360,0,-1.469698429107666,1JK9_B_A
1361,0,-1.8278621435165405,2B42_B_A
1362,0,0.2580815553665161,3SJ9_A_B
1363,0,-1.4330799579620361,3DQQ_A_B
1364,0,-1.5781264305114746,2BTF_A_P
1365,0,-1.6554397344589233,1X1Y_A_D
1366,0,-1.7059780359268188,4YEB_A_B
1367,0,-1.3541429042816162,3FL1_A_B
1368,0,-1.8248589038848877,2PO2_A_B
1369,0,-1.14937424659729,2P45_A_B
1370,0,-1.5424748659133911,1SHS_A_E
1371,0,-1.3643006086349487,1EJA_A_B
1372,0,-0.9928619861602783,3UZP_A_B
1373,0,0.5321375131607056,3SLH_A_B
1374,0,-0.9223116636276245,4JW3_A_C
1375,0,-0.8686678409576416,4KR0_A_B
1376,0,-1.8717154264450073,2CO6_A_B
1377,0,-1.8113584518432617,3BGL_C_B
1378,0,-1.617178201675415,1AN1_E_I
1379,0,-1.8920741081237793,1XPJ_A_D
1380,0,0.4152646064758301,3EHU_A_C
1381,0,-1.66563081741333,3N6Q_E_H
1382,0,-1.6728525161743164,4WEN_A_B
1383,0,-1.9164817333221436,4J2Y_A_B
1384,0,-1.9222958087921143,1UAN_A_B
1385,0,-1.805612325668335,2GKW_A_B
1386,0,-1.5923054218292236,4IOP_A_B
1387,0,-1.68832266330719,3I84_A_B
1388,0,-1.6789896488189697,1R0R_E_I
1389,0,-1.900688648223877,1XD3_A_B
1390,0,-1.83867609500885,2IWP_A_B
1391,0,-1.8366878032684326,2K2S_A_B
1392,0,-1.8304064273834229,2GHW_C_D
1393,0,-1.89195716381073,2CH8_A_D
1394,0,-1.8967560529708862,2OKQ_A_B
1395,0,-1.4586138725280762,4HDO_A_B
1396,0,-1.9051352739334106,3E1Z_A_B
1397,0,0.9157285094261169,4KRL_B_A
1398,0,-1.3636561632156372,3GZE_A_X
1399,0,-1.4740653038024902,4BWQ_E_F
1400,0,-0.01575314998626709,1P3H_I_H
1401,0,-0.0396115779876709,4F0A_A_B
1402,0,-1.447145938873291,3FYF_A_B
1403,0,-1.8151192665100098,1PPE_E_I
1404,0,-1.9078150987625122,3LRJ_C_D
1405,0,-0.7626599669456482,1DFJ_E_I
1406,0,-0.9587835073471069,2W2N_A_E
1407,0,-0.14211392402648926,1FGL_A_B
1408,0,-1.90972900390625,2Z29_A_B
1409,0,-1.7733206748962402,1Y3C_E_I
1410,0,-1.4062988758087158,1DJS_A_B
1411,0,-1.9130889177322388,3EN0_A_B
1412,0,-0.24645471572875977,3M85_B_G
1413,0,0.2286750078201294,3U1O_A_B
1414,0,-1.7453954219818115,2HAX_A_B
1415,0,-1.8803443908691406,2ZDC_A_B
1416,0,-1.76600182056427,1ZJD_A_B
1417,0,-1.9250818490982056,3NPG_C_D
1418,0,-1.6569572687149048,3E2L_A_C
1419,0,0.4940990209579468,1KL8_A_B
1420,0,-1.8243231773376465,3DA7_A_D
1421,0,-0.47115659713745117,3H9G_A_E
1422,0,-1.906732439994812,1SUW_C_D
1423,0,-0.0488811731338501,3ME4_A_B
1424,0,-0.7791000604629517,2XTJ_A_D
1425,0,-1.78732430934906,1Y34_E_I
1426,0,-1.8931796550750732,2B3Z_C_D
1427,0,-1.612056016921997,1S4C_C_B
1428,0,-1.8775464296340942,4B1X_B_M
1429,0,-0.05230116844177246,3HHJ_A_B
1430,0,-1.4515252113342285,3LM1_E_F
1431,0,-1.2619731426239014,2P43_A_B
1432,0,-1.666076898574829,2GHV_C_E
1433,0,-1.9000722169876099,1Q1L_B_D
1434,0,-1.9160963296890259,3HTR_A_B
1435,0,-1.8913580179214478,1R7A_A_B
1436,0,-1.7608323097229004,3PIG_A_B
1437,0,-1.9019954204559326,3JVZ_B_D
1438,0,-1.8325337171554565,1FIW_A_L
1439,0,-1.7573996782302856,2QYI_C_D
1440,0,0.2953152656555176,2C9P_A_B
1441,0,-1.0602929592132568,2YYS_A_B
1442,0,-1.9077554941177368,3BRC_A_B
1443,0,-0.08772122859954834,2VIF_A_P
1444,0,-1.3798608779907227,3AHS_A_C
1445,0,-1.801754355430603,4AYD_A_D
1446,0,-1.7970190048217773,1L0A_A_B
1447,0,0.26979339122772217,1NQL_A_B
1448,0,-1.928511619567871,3DCL_A_B
1449,0,-1.8948166370391846,1AVX_A_B
1450,0,-1.8699159622192383,3CAM_A_B
1451,0,-1.8425743579864502,3BX1_A_C
1452,0,-1.9013699293136597,3AOG_H_L
1453,0,-1.7798701524734497,1VS3_A_B
1454,0,-1.1879934072494507,3K25_A_B
1455,0,-1.8640679121017456,4ZQU_A_B
1456,0,-1.605320930480957,1IGU_A_B
1457,0,-1.4387246370315552,4NZW_A_B
1458,0,-1.6380478143692017,1SMF_E_I
1459,0,-1.2318439483642578,3BPD_G_F
1460,0,-1.7011867761611938,2DYM_G_H
1461,0,0.3878089189529419,2I5G_A_B
1462,0,-1.6049466133117676,3P9W_A_B
1463,0,-0.8078520894050598,1DLE_A_B
1464,0,-1.7724943161010742,2FPE_A_B
1465,0,-1.6399245262145996,2G2U_A_B
1466,0,-1.7272183895111084,4NZL_A_B
1467,0,-1.9019378423690796,3FJS_C_D
1468,0,-1.8485732078552246,1Y48_E_I
1469,0,-1.5474659204483032,1SOT_A_C
1470,0,-1.8738940954208374,2KAI_A_B
1471,0,-1.855320692062378,1O9Y_A_D
1472,0,-1.7759097814559937,3V96_A_B
1473,0,1.8687431812286377,1JFM_E_D
1474,0,-1.9055777788162231,3KW5_A_B
1475,0,-1.7535083293914795,3KY8_A_B
1476,0,-1.1616215705871582,3M5R_A_G
1477,0,-1.8886460065841675,1F7Z_A_I
1478,0,-1.721135139465332,1UDI_E_I
1479,0,-1.9051212072372437,3DKU_A_B
1480,0,-1.8859503269195557,4AG2_A_C
1481,0,1.1627625226974487,1MK9_G_F
1482,0,-0.1899172067642212,1I4O_B_D
1483,0,-1.8826904296875,2QW7_I_H
1484,0,-1.7446672916412354,2OPI_A_B
1485,0,-1.7798259258270264,3Q9U_A_C
1486,0,-0.11015629768371582,2AQX_A_B
1487,0,-1.6800612211227417,1FU5_A_B
1488,0,-1.4940625429153442,4CPA_A_I
1489,0,-1.8698725700378418,4PJ2_A_D
1490,0,-1.8325995206832886,1F2U_C_D
1491,0,0.010041475296020508,4KGG_C_A
1492,0,-1.567164421081543,2PNH_A_B
1493,0,-1.8983455896377563,2X53_W_V
1494,0,-1.9234410524368286,2EVV_C_D
1495,0,-1.862769365310669,1F45_A_B
1496,0,-1.1396194696426392,3FLP_M_N
1497,0,-0.5057450532913208,3O2X_B_D
1498,0,-1.5402790307998657,2I04_A_B
1499,0,-1.354642629623413,3HN6_B_D
1500,0,-1.8625019788742065,2F2F_C_B
1501,0,1.9089661836624146,1HPU_C_B
1502,0,-1.0508854389190674,3ZWL_B_E
1503,0,-1.7223529815673828,4KBB_A_C
1504,0,-1.5732446908950806,5G1X_A_B
1505,0,-1.788337230682373,3BCP_A_B
1506,0,-1.8187940120697021,1CGI_E_I
1507,0,-1.5192652940750122,2RA3_A_C
1508,0,-1.3278486728668213,1JYI_A_P
1509,0,-0.4322171211242676,3HCG_A_C
1510,0,-1.7934621572494507,1TM5_E_I
1511,0,0.8323994278907776,3TSR_A_E
1512,0,-1.9138327836990356,4XXB_A_B
1513,0,-0.0012646913528442383,3F74_A_B
1514,0,-1.8906004428863525,1DML_A_B
1515,0,0.031177997589111328,2J7Q_C_D
1516,0,-1.90524160861969,3DJP_A_B
1517,0,-1.9133044481277466,3K3C_A_B
1518,0,0.779536247253418,1KXJ_A_B
1519,0,-1.7015703916549683,3OJM_A_B
1520,0,-1.8162082433700562,1TZS_A_P
1521,0,-1.8203845024108887,2FDB_M_P
1522,0,-0.05289661884307861,1GXD_A_C
1523,0,-1.9126735925674438,3KZH_A_B
1524,0,-1.8999460935592651,2FTL_E_I
1525,0,0.8621224761009216,1OS2_E_F
1526,0,-1.4279935359954834,4W6X_A_B
1527,0,-1.8167169094085693,1ARZ_A_C
1528,0,-0.5377700328826904,5JKE_A_B
1529,0,-1.8840603828430176,2GEF_A_B
1530,0,-1.872825264930725,2W0C_C_B
1531,0,-0.010047078132629395,3AXY_B_D
1532,0,-1.8666695356369019,1TM3_E_I
1533,0,-1.4375333786010742,1LDT_T_L
1534,0,-1.7661170959472656,3E9M_A_D
1535,0,-1.624462366104126,3BTV_A_B
1536,0,-1.4359687566757202,3QQ8_A_B
1537,0,-1.2475497722625732,2E4M_A_C
1538,0,-1.0186383724212646,3OLM_A_D
1539,0,-1.8588824272155762,4B1Y_B_M
1540,0,-1.8933302164077759,1IJX_B_E
1541,0,-1.8753775358200073,1WOQ_A_B
1542,0,-1.82004714012146,4CJ1_A_B
1543,0,-1.6251651048660278,4DOQ_A_B
1544,0,-1.3486344814300537,1DB2_A_B
1545,0,0.5513073205947876,2ZVW_C_E
1546,0,-1.7151987552642822,3QDZ_B_E
1547,0,-1.5746161937713623,2Q81_A_D
1548,0,-1.7023975849151611,2D1P_D_G
1549,0,-1.8062528371810913,1Y4D_E_I
1550,0,-1.6478564739227295,2P42_A_B
1551,0,1.1955307722091675,5JYL_A_B
1552,0,-1.9001507759094238,4LYL_A_B
1553,0,-1.8157694339752197,1YFN_D_H
1554,0,-1.7866885662078857,3B9I_A_B
1555,0,0.3560987710952759,2DSP_B_I
1556,0,-0.6830545663833618,3QSK_A_B
1557,0,-1.8932538032531738,1Y43_A_B
1558,0,-1.8195693492889404,2IA9_A_B
1559,0,-1.7908931970596313,2GQS_A_B
1560,0,-1.8654321432113647,2DOH_X_C
1561,0,-1.8789407014846802,3BCW_A_B
1562,0,-0.39866578578948975,1WDX_C_B
1563,0,-1.711405634880066,2P6B_A_E
1564,0,-1.8948652744293213,3GZ8_A_B
1565,0,-1.8059072494506836,2G6V_A_B
1566,0,-1.6984460353851318,2ZA4_A_B
1567,0,-1.5751107931137085,1XG2_A_B
1568,0,-0.8058632016181946,1H1V_A_G
1569,0,-1.89601469039917,5B75_A_B
1570,0,-1.4911669492721558,1AHS_C_B
1571,0,-1.8618316650390625,3QFM_A_B
1572,0,-1.524763584136963,1B27_A_D
1573,0,-1.5657153129577637,3SOQ_A_Z
1574,0,-1.2921700477600098,2P48_A_B
1575,0,-1.2761123180389404,1GCQ_C_B
1576,0,-0.7939556241035461,2QBX_A_P
1577,0,-1.895933985710144,2IO1_A_B
1578,0,-1.6225179433822632,5D1M_A_B
1579,0,-1.7995326519012451,2SIC_E_I
1580,0,-0.4605594873428345,1HX5_A_B
1581,0,-1.659867286682129,1T7P_A_B
1582,0,0.3414233922958374,2PQS_A_B
1583,0,-1.879879117012024,2HZM_G_H
1584,0,-1.0301520824432373,1Z3G_B_I
1585,0,-1.8019897937774658,4CMM_A_B
1586,0,-1.892051100730896,1B3T_A_B
1587,0,0.0075931549072265625,3HPN_E_F
1588,0,-1.6407718658447266,2Z0P_C_D
1589,0,0.3007628917694092,1YBG_A_B
1590,0,-1.623797059059143,1SCE_A_C
1591,0,-1.9336419105529785,2R5O_A_B
1592,0,-1.810299038887024,1ATN_A_D
1593,0,0.7923478484153748,1ZCP_A_B
1594,0,-1.3593828678131104,3BHD_A_B
1595,0,-1.8041964769363403,1YCS_A_B
1596,0,-1.8784797191619873,1XV2_A_B
1597,0,-1.8859333992004395,2HVB_A_B
1598,0,-0.9816038012504578,2EWN_A_B
1599,0,-1.4470840692520142,5D1K_A_B
1600,0,-1.9215871095657349,4KFZ_A_C
1601,0,1.1927410364151,2AZN_A_D
1602,0,-0.3162292242050171,4RS1_B_A
1603,0,-1.8889129161834717,1YOX_C_B
1604,0,-1.898140788078308,4L0P_A_B
1605,0,0.4434816837310791,1S1Q_A_B
1606,0,-1.8648971319198608,4PQT_A_B
1607,0,-1.8381870985031128,3GBU_A_D
1608,0,0.27503347396850586,1T0P_A_B
1609,0,-1.742997646331787,1JZO_A_B
1610,0,-1.8500467538833618,3NCT_B_D
1611,0,-0.05323493480682373,1DN2_B_F
1612,0,-1.7830500602722168,1XFS_A_B
1613,0,-1.8739279508590698,5B76_A_B
1614,0,-1.8730326890945435,1L2W_C_J
1615,0,-1.8878191709518433,2HJ1_A_B
1616,0,-1.8785226345062256,3HF5_A_D
1617,0,-1.864975929260254,4AN7_A_B
1618,0,-1.763197660446167,5D3I_A_B
1619,0,-1.9184558391571045,3U4J_C_B
1620,0,1.2289481163024902,2DP4_I_E
1621,0,-1.671525239944458,1ACB_E_I
1622,0,-1.3770027160644531,1C9P_A_B
1623,0,-1.2830541133880615,3S9C_A_B
1624,0,-1.7139081954956055,1TAW_A_B
1625,0,-1.8967790603637695,2ETE_A_B
1626,0,-1.774122714996338,3CJX_G_H
1627,0,-1.698849081993103,3LHX_A_B
1628,0,-1.7472803592681885,2OTL_A_Z
1629,0,-1.8752919435501099,3A1P_C_D
1630,0,-1.6399108171463013,2AXW_A_B
1631,0,-1.7070119380950928,1YLQ_A_B
1632,0,-0.9453526139259338,1BJR_I_E
1633,0,-1.9113911390304565,3VPJ_A_E
1634,0,-1.8210382461547852,3KQZ_K_L
1635,0,-1.8692694902420044,1BRS_A_D
1636,0,-1.6078662872314453,2ZG6_A_B
1637,0,0.032021284103393555,1PVH_A_B
1638,0,-1.0670139789581299,1UE7_C_D
1639,0,-1.9268604516983032,1U20_A_B
1640,0,-1.5596184730529785,2X89_F_G
1641,0,-1.7159315347671509,2Q7N_A_B
1642,0,-1.8713204860687256,2W80_G_H
1643,0,-1.8608455657958984,3PIM_A_B
1644,0,-1.2528061866760254,2OIN_A_C
1645,0,-1.5949267148971558,5IOH_A_B
1646,0,-0.2271488904953003,4NSO_A_B
1647,0,-0.018184185028076172,3P83_B_F
1648,0,0.0006688833236694336,2OZK_B_D
1649,0,0.4251852035522461,4LQW_A_D
1650,0,-0.6440435647964478,1F37_A_B
1651,0,0.02063727378845215,1AK4_A_D
1652,0,-1.5984987020492554,1EM8_A_B
1653,0,-1.4279571771621704,4APF_A_B
1654,0,-1.6412888765335083,2ANE_C_D
1655,0,-1.832493782043457,3Q7H_K_M
1656,0,0.11034464836120605,3C8I_A_B
1657,0,-1.0118271112442017,3PYY_A_B
1658,0,-1.9034452438354492,3HQR_A_S
1659,0,-1.4629817008972168,3KLQ_A_B
1660,0,0.654028594493866,3BIW_A_E
1661,0,-0.12347793579101562,3HMK_A_B
1662,0,-1.1685054302215576,2IJ0_C_B
1663,0,-1.0348443984985352,3NEK_A_B
1664,0,-1.922316551208496,1PGL_1_2
1665,0,-1.9003067016601562,3DGP_A_B
1666,0,-0.4909559488296509,4DG4_A_E
1667,0,-1.9182034730911255,1M1F_A_B
1668,0,-1.1905633211135864,3U02_B_D
1669,0,0.007323145866394043,2WG4_A_B
1670,0,-1.8833673000335693,1C9S_G_H
1671,0,-1.9130933284759521,2GT2_A_B
1672,0,-1.6176533699035645,3S5B_A_B
1673,0,-1.8583332300186157,3CG8_C_B
1674,0,-1.4646716117858887,1RZJ_C_G
1675,0,-1.541212797164917,4BD9_A_B
1676,0,1.7485051155090332,3D1M_A_D
1677,0,-1.7107540369033813,3Q9N_A_C
1678,0,-1.5744740962982178,4POU_A_B
1679,0,-0.9552662372589111,2IWO_A_B
1680,0,-0.944266140460968,4XL5_A_C
1681,0,-1.8115359544754028,3SM1_A_B
1682,0,-1.4662306308746338,4A94_A_D
1683,0,-1.6453883647918701,1SHY_A_B
1684,0,-1.2004870176315308,3PGA_1_4
1685,0,-0.8803560137748718,1SHW_A_B
1686,0,-1.9251807928085327,1BO4_A_B
1687,0,-0.10268199443817139,2HTB_C_D
1688,0,0.9286461472511292,4QZV_A_B
1689,0,-1.8542393445968628,5B78_A_B
1690,0,-1.8585765361785889,4I6L_A_B
1691,0,-1.4501467943191528,1UM2_A_C
1692,0,-0.1277151107788086,3B01_A_C
1693,0,-0.5061166286468506,2X9M_B_D
1694,0,-0.6801500916481018,1R9N_D_H
1695,0,-1.6167433261871338,4U97_A_B
1696,0,-1.9093263149261475,3TDM_A_B
1697,0,-1.6461315155029297,4EIG_A_B
1698,0,-1.6929616928100586,1ZH8_A_B
1699,0,-1.9121955633163452,3Q87_A_B
1700,0,-1.6993168592453003,2Z0E_A_B
1701,0,-1.9342093467712402,2W1T_A_B
1702,0,-1.1750028133392334,4M5F_A_B
1703,0,-1.6754181385040283,3EYD_C_D
1704,0,-1.7787622213363647,1BPO_C_B
1705,0,-1.585541844367981,2Z7F_E_I
1706,0,0.0012100934982299805,1MZW_A_B
1707,0,0.041718482971191406,4V0N_D_C
1708,0,-1.0541369915008545,3FHC_A_B
1709,0,-1.193524718284607,3FG8_C_E
1710,0,-1.8108066320419312,1PBI_A_B
1711,0,-1.8924715518951416,1K88_A_B
1712,0,-1.9019944667816162,2O8Q_A_B
1713,0,-1.2113769054412842,1B3S_A_D
1714,0,-1.889955997467041,1JKG_A_B
1715,0,-1.7517242431640625,3ECY_A_B
1716,0,-1.4272891283035278,1JTD_B_A
1717,0,-1.7503907680511475,1T8U_A_B
1718,0,-1.891544222831726,1LW6_E_I
1719,0,-1.8684033155441284,3V5N_C_D
1720,0,-1.8649922609329224,2ZNV_E_D
1721,0,-0.7874752879142761,3FCG_A_B
1722,0,-1.793542504310608,1G9I_E_I
1723,0,-1.9124611616134644,1Q5H_A_B
1724,0,1.0444905757904053,3QWQ_A_B
1725,0,-1.541987419128418,3C7T_A_C
1726,0,-1.526435375213623,3QJ7_A_D
1727,0,-1.7790625095367432,1JIW_P_I
1728,0,-1.076050043106079,1RY7_A_B
1729,0,-0.4079214334487915,3M5O_A_C
1730,0,-0.11373460292816162,2P46_A_B
1731,0,-1.7484973669052124,2HD3_E_F
1732,0,-1.809434175491333,2OVI_A_D
1733,0,-1.8813666105270386,2H5K_A_B
1734,0,-1.8963063955307007,3DCA_C_D
1735,0,-1.6672626733779907,1I4E_A_B
1736,0,-1.9028199911117554,2HVY_A_C
1737,0,-0.06670892238616943,2A2L_C_B
1738,0,0.36322641372680664,2PUY_B_E
1739,0,1.433720350265503,2PKG_A_C
1740,0,-1.3663957118988037,3QC8_A_B
1741,0,-1.8981934785842896,3AFF_A_B
1742,0,-1.8974171876907349,2PQV_A_B
1743,0,-1.617309331893921,1E5Q_C_D
1744,0,-1.9085665941238403,3GRW_A_H
1745,0,0.07934081554412842,2VPM_A_B
1746,0,-1.8919456005096436,1N0L_C_D
1747,0,-0.0837709903717041,3MJ9_A_H
1748,0,0.3679370880126953,3CDW_A_H
1749,0,-1.0947744846343994,3OZB_A_C
1750,0,-1.530949592590332,3PPE_A_B
1751,0,-1.845288634300232,1TM4_E_I
1752,0,-1.8125860691070557,2H1T_A_B
1753,0,-0.3354400396347046,4DGE_A_C
1754,0,-1.1417460441589355,3TGK_E_I
1755,0,-1.909881591796875,3O9L_A_B
1756,0,-0.960372805595398,2DOI_X_C
1757,0,-1.6724878549575806,2C1W_A_B
1758,0,-1.7843605279922485,3P95_A_E
1759,0,-1.7926617860794067,4BQD_A_C
1760,0,-1.2358338832855225,3H6S_A_E
1761,0,-0.5093286037445068,1VG9_E_G
1762,0,-1.7809722423553467,2J12_A_B
1763,0,-1.5355923175811768,4LLO_A_B
1764,0,-1.8759645223617554,3TQY_A_B
1765,0,-1.1045680046081543,3KWV_D_F
1766,0,-1.8891820907592773,3E05_C_B
1767,0,0.9136727452278137,1JNP_A_B
1768,0,1.6897059679031372,2XB6_A_C
1769,0,-1.3477048873901367,2BBA_A_P
1770,0,-1.8767234086990356,2I7R_A_B
1771,0,-1.0895352363586426,3TL8_A_B
1772,0,-1.7534185647964478,3OKJ_C_D
1773,0,-1.2962181568145752,2WVT_A_B
1774,0,-1.5344173908233643,3F5N_A_D
1775,0,-1.6507527828216553,3WN7_A_B
1776,0,-1.8656460046768188,2TGP_Z_I
1777,0,-1.7179601192474365,1FY8_E_I
1778,0,1.9334834814071655,1W1I_B_E
1779,0,0.25331616401672363,3D4G_C_D
1780,0,-0.7263126969337463,3JRQ_A_B
1781,0,-0.7640171051025391,1VZY_A_B
1782,0,-0.6424548625946045,1LK6_I_C
1783,0,-1.7920374870300293,2JJT_A_C
1784,0,-0.22667956352233887,2Z7X_A_B
1785,0,0.9702801704406738,3NGB_E_G
1786,0,-1.935800552368164,1JXQ_C_D
1787,0,-1.600438117980957,1MR1_A_D
1788,0,-0.00643610954284668,1L4Z_A_B
1789,0,-1.2540581226348877,3EMJ_K_L
1790,0,-0.3482630252838135,2P47_A_B
1791,0,-1.777698040008545,3B93_A_C
1792,0,-1.8828469514846802,3CHW_A_P
1793,0,-1.849032998085022,1X1W_A_D
1794,0,-1.6265314817428589,2P5X_A_B
1795,0,-1.9030205011367798,2A0S_A_B
1796,0,-1.7884416580200195,4CDK_A_E
1797,0,-0.34196150302886963,3MAL_A_B
1798,0,-0.7272009253501892,2RL7_C_D
1799,0,-1.8663225173950195,2JOD_A_B
1800,0,-1.9023054838180542,2V52_B_M
1801,0,-1.8362499475479126,1UWG_L_X
1802,0,-1.8270288705825806,2YVS_A_B
1803,0,-1.3461238145828247,3H35_C_B
1804,0,-1.7367078065872192,4AOR_A_D
1805,0,-1.8640217781066895,3FPU_A_B
1806,0,-1.6515827178955078,2R2C_A_B
1807,0,-1.8374253511428833,1WZ3_A_B
1808,0,-1.8942921161651611,1HBT_I_H
1809,0,-1.578108787536621,1F5R_A_I
1810,0,-1.578229308128357,4GH7_A_B
1811,0,-1.8550691604614258,4MSM_A_B
1812,0,-1.054802417755127,3FFU_A_B
1813,0,-0.2436826229095459,3BT1_B_U
1814,0,-1.273665189743042,3B08_A_B
1815,0,-1.6414966583251953,3K4W_D_F
1816,0,-1.8493517637252808,4CJ0_A_B
1817,0,-1.6125969886779785,1X1X_A_D
1818,0,-1.6584770679473877,3EDP_A_B
1819,0,-1.9242286682128906,2IQH_A_C
1820,0,-1.8297524452209473,1TE1_A_B
1821,0,-1.40233314037323,2BUJ_A_B
1822,0,-1.567643404006958,3GQH_A_B
1823,0,0.006515145301818848,1UK4_A_G
1824,0,-0.050371408462524414,2X36_C_D
1825,0,0.05858314037322998,3EPZ_A_B
1826,0,-1.6816215515136719,2JG8_D_F
1827,0,-1.9039759635925293,1I07_A_B
1828,0,-1.6554001569747925,4U30_A_X
1829,0,0.09837043285369873,2HQH_B_F
1830,0,-1.9152134656906128,3HT2_A_C
1831,0,-1.7933789491653442,1GO4_D_H
1832,0,-1.880875825881958,3ENT_A_B
1833,0,-1.8798813819885254,2BMA_C_B
1834,0,-0.2476348876953125,1P69_A_B
1835,0,-1.3195507526397705,1C3X_A_C
1836,0,-1.70016610622406,3QNA_A_D
1837,0,-0.48634207248687744,3T3A_A_B
1838,0,-1.4854263067245483,1UUG_A_B
1839,0,0.6090296506881714,2R0K_A_H
1840,0,-1.7029443979263306,3I2B_E_H
1841,0,-1.749435305595398,2P4Z_A_B
1842,0,0.5853259563446045,2QLC_C_B
1843,0,-1.92994225025177,2XCE_E_D
1844,0,-1.6100701093673706,1NR9_C_D
1845,0,-1.5253338813781738,2QF3_A_C
1846,0,0.9560942053794861,3JVC_A_C
1847,0,-1.8886208534240723,3KMH_A_B
1848,0,1.2390985488891602,4FZA_A_B
1849,0,-1.885474443435669,4EQA_A_C
1850,0,-1.830350399017334,3C4O_A_B
1851,0,-1.0057928562164307,2HWJ_A_C
1852,0,-1.2669271230697632,1MBY_A_B
1853,0,-1.3076306581497192,1Z5Y_D_E
1854,0,-1.9005473852157593,3P8B_C_D
1855,0,-1.7746329307556152,1INN_A_B
1856,0,-1.6197409629821777,4NOO_A_B
1857,0,-0.4019087553024292,3TII_A_B
1858,0,-1.820770502090454,1J4U_A_B
1859,0,-1.9312046766281128,1UHE_A_B
1860,0,-1.8749130964279175,3L2H_A_D
1861,0,-1.4964089393615723,3ML6_B_F
1862,0,-1.8371158838272095,1HYR_A_C
1863,0,0.5011595487594604,1WQJ_B_I
1864,0,-1.8690404891967773,1GT7_O_P
1865,0,-1.7326502799987793,2IDO_A_B
1866,0,-1.806434154510498,2SNI_E_I
1867,0,-1.9144819974899292,2Z8M_A_B
1868,0,-1.7194886207580566,4WEM_A_B
1869,0,-1.8996031284332275,2ZSU_A_B
1870,0,-1.9026139974594116,1XSQ_A_B
1871,0,-1.5407007932662964,1ZVN_A_B
1872,0,-1.821039080619812,3H8D_B_F
1873,0,-1.704804539680481,3C0B_C_D
1874,0,-1.009242057800293,1F9S_A_D
1875,0,-1.8613828420639038,1DEV_C_D
1876,0,-1.7155182361602783,3K9M_A_C
1877,0,-0.007652878761291504,1OX9_D_L
1878,0,-1.132159948348999,3ZRZ_A_C
1879,0,-1.3552056550979614,1ML0_AB_D
1880,0,-1.66493821144104,2XFG_A_B
1881,0,1.1646192073822021,3JUY_C_B
1882,0,-1.6917839050292969,2GJV_C_D
1883,0,-0.29834485054016113,1A79_C_B
1884,0,-1.8730350732803345,2WQ4_A_C
1885,0,-1.443889856338501,3HLN_O_U
1886,0,-1.9049432277679443,2VJF_C_D
1887,0,-1.6033287048339844,3E2K_A_D
1888,0,-1.9246463775634766,4TQ1_A_B
1889,0,-1.5528126955032349,1SMO_A_B
1890,0,-1.8954651355743408,1Q8M_A_B
1891,0,-1.217812418937683,1CQ3_A_B
1892,0,-1.9105018377304077,2NQD_A_B
1893,0,-1.8147056102752686,2P4R_A_T
1894,0,-1.1000339984893799,1C9T_A_G
1895,0,-1.7617735862731934,2HEY_T_G
1896,0,-1.9088404178619385,1Q9U_A_B
1897,0,-1.6980907917022705,2EP5_B_D
1898,0,-1.9058700799942017,4TQ0_A_B
1899,0,-0.6065578460693359,2GS7_A_B
1900,0,-1.8646109104156494,3KDG_A_B
1901,0,0.7228603959083557,3OJ2_A_C
1902,0,-1.6951974630355835,3BRD_A_D
1903,0,-1.7101376056671143,3WA5_A_B
1904,0,-1.4959839582443237,1ERN_A_B
1905,0,0.832553505897522,2Q17_C_B
1906,0,0.2594562768936157,3QWN_I_J
1907,0,-1.4921295642852783,3ISM_A_B
1908,0,-0.037016987800598145,2OS5_A_D
1909,0,-1.3713510036468506,1YY9_A_D
1910,0,-1.2533278465270996,2R9P_A_E
1911,0,-1.8229527473449707,4B1V_B_N
1912,0,-1.6392722129821777,2C7E_C_D
1913,0,-1.8827821016311646,5B77_A_B
1914,0,-1.8927147388458252,1ICF_A_I
1915,0,-0.4332066774368286,1HAA_A_B
1916,0,-1.1869566440582275,2ZCK_P_S
1917,0,-0.29420244693756104,3MZW_A_B
1918,0,-1.7233433723449707,4G6U_A_B
1919,0,-1.3454350233078003,3FJU_A_B
1920,0,0.5520780086517334,3O34_A_B
1921,0,-0.9446340203285217,2Y9X_B_F
1922,0,-1.8222819566726685,1IYJ_C_D
1923,0,-1.5457885265350342,1G31_C_B
1924,0,-1.8948363065719604,2PTC_E_I
1925,0,-1.8439018726348877,2HL3_A_B
1926,0,-1.7543036937713623,3B76_A_B
1927,0,-1.7978829145431519,2O9Q_A_C
1928,0,-1.7964428663253784,2BE1_A_B
1929,0,-0.0943061113357544,5JMC_A_B
1930,0,-1.867648959159851,2CE8_A_B
1931,0,-1.8230469226837158,4AYI_A_D
1932,0,-1.803635835647583,1TO1_E_I
1933,0,-1.874680995941162,1XWD_A_B
1934,0,-1.8890199661254883,1YUK_A_B
1935,0,-1.6611239910125732,2WAM_A_C
1936,0,-0.039081454277038574,5D1L_A_B
1937,0,-1.8700945377349854,4AFZ_A_C
1938,0,-1.9108330011367798,1J3R_A_B
1939,0,-0.40759050846099854,1E8N_A_I
1940,0,-1.7606377601623535,2GD4_C_B
1941,0,-1.7633533477783203,3FSN_A_B
1942,0,-1.907335638999939,3BWU_C_D
1943,0,-1.8893030881881714,2EJG_B_D
1944,0,-1.8637614250183105,2A6P_A_B
1945,0,-1.0168124437332153,3FD4_A_B
1946,0,-1.8729156255722046,2IY1_A_B
1947,0,-1.887520670890808,3GZR_A_B
1948,0,-1.8070327043533325,3NTQ_A_B
1949,0,-1.8392958641052246,2OYA_A_B
1950,0,-0.3298252820968628,3BN3_A_B
1951,0,-0.7094292044639587,2P44_A_B
1952,0,-0.8916227221488953,1YVB_A_I
1953,0,-1.8896092176437378,3BQB_A_X
1954,0,-1.925467848777771,2DPF_C_D
1955,0,-1.0002729892730713,3E2U_A_E
1956,0,-1.1961824893951416,1KAC_A_B
1957,0,-1.6426074504852295,1X1U_A_D
1958,0,-1.8788763284683228,3B6P_B_D
1959,0,-1.3520841598510742,3RDZ_A_C
1960,0,-1.914778232574463,1G60_A_B
1961,0,-0.23702192306518555,3GNJ_C_D
1962,0,-1.8486748933792114,3P71_C_T
1963,0,-1.827804684638977,2W81_A_D
1964,0,-1.3447612524032593,3OSL_A_B
1965,0,-1.8461394309997559,1OMO_A_B
1966,0,-1.6824336051940918,3QHY_A_B
1967,0,-1.8227800130844116,3GMW_A_B
1968,0,-1.8660465478897095,1Y1O_A_B
1969,0,-1.6152656078338623,2G2W_A_B
1970,0,-1.4147603511810303,3EUK_C_E
1971,0,1.9316538572311401,1VGO_A_B
1972,0,0.5259379148483276,2DUP_A_B
1973,0,-1.8368897438049316,5AYR_A_B
1974,0,-1.8692588806152344,2QBW_A_B
1975,0,-1.8803917169570923,2X9A_C_D
1976,0,-1.8385308980941772,1EZI_A_B
1977,0,-1.9072338342666626,1Y96_A_B
1978,0,-1.8511711359024048,2YCH_A_B
1979,0,-1.6212010383605957,3C4P_A_B
1980,0,-1.9112478494644165,1EPT_A_B
1981,0,-1.4951611757278442,1KXP_A_D
1982,0,-1.9045658111572266,3AJY_A_C
1983,0,0.024287939071655273,5JLV_A_C
1984,0,-1.3966331481933594,1UP6_A_D
1985,0,-1.3691798448562622,2P49_A_B
1986,0,-1.7474128007888794,1T0H_A_B
1987,0,-1.6868658065795898,2QLP_A_C
1988,0,-1.1623141765594482,2NU1_I_E
1989,0,-0.05279362201690674,2CCL_A_C
1990,0,-1.9189906120300293,3PRP_A_B
1991,0,-1.9200096130371094,1YC6_3_E
1992,0,-1.8920495510101318,1UGH_E_I
1993,0,-1.8977007865905762,4UDM_B_A
1994,0,-1.6121011972427368,2WG3_A_C
1995,0,-1.8469593524932861,2HQL_A_E
1996,0,-0.6128779649734497,3V4P_B_H
1997,0,-1.8930981159210205,4AFQ_A_C
1998,0,-1.841263771057129,3DSN_C_B
1999,0,1.6894365549087524,3I5V_A_D
2000,0,-1.8738981485366821,3WDG_A_B
2001,0,-1.6837048530578613,3TG9_A_B
2002,0,0.11101794242858887,1P9U_F_H
2003,0,-1.6018834114074707,1NU9_A_C
2004,0,-1.5704762935638428,1EAI_A_C
2005,0,-1.8181661367416382,1QB3_A_C
2006,0,-1.5694572925567627,4KV5_C_D
2007,0,-1.7677267789840698,1XUA_A_B
2008,0,-1.4396393299102783,3HO5_B_H
2009,0,-1.8604234457015991,4AYE_A_D
2010,0,-1.7651636600494385,4ZQK_A_B
2011,0,-1.9019432067871094,3BFW_C_D
2012,0,-1.8787466287612915,1Y3B_E_I
2013,0,-1.3759968280792236,3V3K_A_B
2014,0,-1.7155553102493286,3N4I_A_B
2015,0,-1.8434216976165771,1AGQ_C_D
2016,0,-1.7606251239776611,2NN3_C_D
2017,0,0.3339937925338745,4YN0_A_B
2018,0,-1.7804425954818726,1Y1K_E_I
2019,0,-0.9257692694664001,2WO3_A_B
2020,0,-1.3107271194458008,1MAS_A_B
2021,0,-1.7866770029067993,3JZA_A_B
2022,0,-1.369930624961853,5F3X_A_B
2023,0,-1.6715469360351562,4ILW_A_D
2024,0,-1.5308398008346558,2VER_A_N
2025,0,-1.8856781721115112,3UI2_A_B
2026,0,-1.8373357057571411,2H3N_A_B
2027,0,-1.127479076385498,1NQ9_I_L
2028,0,-1.6434111595153809,2QC1_A_B
2029,0,-1.8898088932037354,3CEW_C_D
2030,0,-1.4785525798797607,3TSZ_A_B
2031,0,-1.8715381622314453,1R0K_C_D
2032,0,-1.7822657823562622,5HPK_A_B
2033,0,-1.6846297979354858,1S98_A_B
